fid,id,nb_points,x,y,h,lat,lon,z,gnd_elev,min_h,delta_h,avg_intensity,source,validity,is_outlier,is_windmill,windmill_h,windmill_id,windmill_status,windmill_stand,in_nrw,eTOD_found,eTOD_name,eTOD_z,eTOD_h,eTOD_descr,eTOD_dist,eTOD_x,eTOD_y,AIP_issue,ALS_issue,processed_on,ALS_comment,AIP_comment,free_comment,view_available,object_type,OSINT,duplicate,2D_embed_link,3D_embed_link
"23",03.02.31,"1598",405869.25,5815174.745,183.2000008,52.47860037,7.613981264,218.75,35.54999924,89.75000092,93.44999985,215.5913642,3dm_32_405_5815_1_nw.laz,2019-02,false,false,,,,,false,false,,,,,,,,,,,,,,false,,,,,
"29",01.04.31,"777",359704.9864,5631748.89,112.5124995,50.82044917,7.008248453,160.97,48.45750046,60.20499893,52.30750061,33930.26641,3dm_32_359_5631_1_nw.laz,2022-02,false,false,,,,,true,false,,,,,,,,true,false,2024/02/08 00:00:00,,missing,industrial system with antenna,true,other,,false,https://dme-3.github.io/Obstacles-Map/embeds/1.4.31-2D.html,https://dme-3.github.io/Obstacles-Map/embeds/1.4.31-3D.html
"43",03.03.32,"517",508090.6333,5812673.843,164.9374997,52.46416504,9.119083604,212.68,47.74250031,60.02750092,104.9099988,36897.08897,3dm_32_508_5812_1_nw.laz,2023-03,false,false,,,,,false,false,,,,,,,,,,,,,,false,,,,,
"79",03.04.34,"1482",494916.3633,5700343.067,194.644978,51.45424428,8.926830778,522.48,327.835022,60.36749268,134.2774854,159.754386,3dm_32_494_5700_1_nw.laz,2021-02,false,false,,,,,false,false,,,,,,,,,,,,,,false,,,,,
"81",01.01.35,"1150",320375.4,5578147.41,164.3899805,50.32800545,6.476249885,806.16,641.7700195,60.01000977,104.3799707,153.2965217,3dm_32_320_5578_1_nw.laz,2021-12,false,false,,,,,false,false,,,,,,,,,,,,,,false,,,,,
"82",02.01.35,"34119",339607.5393,5716704.356,160.2600003,51.57841607,6.685752994,186.33,26.06999969,60.00999916,100.2500011,1458.40687,3dm_32_339_5716_1_nw.laz,2020-03,false,false,,,,,true,false,,,,,,,,false,true,2024/02/08 00:00:00,destroyed,missing,,true,cooling tower,"https://de.wikipedia.org/wiki/Kraftwerk_Voerde
Am 3. Dezember 2023 wurde der Kühlturm des Kraftwerks gesprengt.[2][9][10]
",false,https://dme-3.github.io/Obstacles-Map/embeds/2.1.35-2D.html,https://dme-3.github.io/Obstacles-Map/embeds/2.1.35-3D.html
"111",03.04.36,"1126",489032.1729,5690246.731,194.3974963,51.36337778,8.842466527,654.37,459.9725037,60.41748779,133.9800085,160.7735346,3dm_32_489_5690_1_nw.laz,2021-03,false,false,,,,,false,false,,,,,,,,,,,,,,false,,,,,
"126",02.04.37,"5042",394820.5977,5719469.812,110.9800011,51.61622202,7.481036773,160.6,49.61999893,60.01000015,50.97000092,171.8800079,3dm_32_394_5719_1_nw.laz,2019-12,false,false,,,,,true,false,,,,,,,,false,true,2024/02/08 00:00:00,destroyed,,,true,,,false,https://dme-3.github.io/Obstacles-Map/embeds/2.4.37-2D.html,https://dme-3.github.io/Obstacles-Map/embeds/2.4.37-3D.html
"129",01.01.38,"1102",320150.98,5578904.384,162.800022,50.33474567,6.472751171,762.84,600.039978,60.04998047,102.7500415,169.8339383,3dm_32_320_5578_1_nw.laz,2021-12,false,false,,,,,false,false,,,,,,,,,,,,,,false,,,,,
"143",03.04.38,"1993",495179.0364,5699349.774,191.9949939,51.44530471,8.930657239,558.22,366.2250061,60.00249023,131.9925037,148.874561,3dm_32_495_5699_1_nw.laz,2021-02,false,false,,,,,false,false,,,,,,,,,,,,,,false,,,,,
"151",03.02.39,"1322",405867.818,5814786.656,180.1500014,52.47510709,7.614122847,214.59,34.43999863,75.76000122,104.3900002,225.0960666,3dm_32_405_5814_1_nw.laz,2019-02,false,false,,,,,false,false,,,,,,,,,,,,,,false,,,,,
"173",01.04.40,"870",364334.8025,5621971.61,100.8100002,50.73366626,7.07752043,159.97,59.15999985,60.00999969,40.80000046,35640.26092,3dm_32_364_5621_1_nw.laz,2021-12,false,false,,,,,true,false,,,,,,,,false,true,2024/02/08 00:00:00,outlier / smoke,,,true,,,false,https://dme-3.github.io/Obstacles-Map/embeds/1.4.40-2D.html,https://dme-3.github.io/Obstacles-Map/embeds/1.4.40-3D.html
"189",01.04.41,"456",357821.7486,5635812.9,100.1799997,50.85652044,6.979933598,150.61,50.43000031,60.00250046,40.17749924,33211.72368,3dm_32_357_5635_1_nw.laz,2022-01,false,false,,,,,true,false,,,,,,,,true,false,2024/02/08 00:00:00,,missing,,true,smoke stack,,false,https://dme-3.github.io/Obstacles-Map/embeds/1.4.41-2D.html,https://dme-3.github.io/Obstacles-Map/embeds/1.4.41-3D.html
"205",01.04.42,"529",357454.8641,5633105.399,100.0700008,50.83207969,6.975752243,151.87,51.79999924,60.01500183,40.05499893,34259.89792,3dm_32_357_5633_1_nw.laz,2022-01,false,false,,,,,true,false,,,,,,,,true,false,2024/02/08 00:00:00,,missing,,true,smoke stack,,false,https://dme-3.github.io/Obstacles-Map/embeds/1.4.42-2D.html,https://dme-3.github.io/Obstacles-Map/embeds/1.4.42-3D.html
"238",02.04.44,"444",393806.0755,5720163.167,104.7900018,51.62243957,7.46594362,154.21,49.41999817,60.11999924,44.67000259,157.8603604,3dm_32_393_5720_1_nw.laz,2019-12,false,false,,,,,true,false,,,,,,,,true,false,2024/02/08 00:00:00,,missing,,true,smoke stack,,false,https://dme-3.github.io/Obstacles-Map/embeds/2.4.44-2D.html,https://dme-3.github.io/Obstacles-Map/embeds/2.4.44-3D.html
"249",01.03.45,"92065",336534.3643,5651619.726,136.4899973,50.9929337,6.670636237,218.86,82.37000275,60.00000183,76.48999542,34294.48575,3dm_32_336_5651_1_nw.laz,2022-02,false,false,,,,,true,false,,,,,,,,true,false,2024/02/08 00:00:00,,missing,,true,building,,false,https://dme-3.github.io/Obstacles-Map/embeds/1.3.45-2D.html,https://dme-3.github.io/Obstacles-Map/embeds/1.3.45-3D.html
"263",03.02.46,"1529",402794.6133,5812209.473,174.1500014,52.45141322,7.569573801,208.59,34.43999863,60.11,114.0400014,160.589274,3dm_32_402_5812_1_nw.laz,2019-02,false,false,,,,,false,false,,,,,,,,,,,,,,false,,,,,
"279",03.02.47,"1910",406239.2633,5814655.5,173.8999997,52.47399741,7.619572919,209.58,35.68000031,60.30000122,113.5999985,134.8602094,3dm_32_406_5814_1_nw.laz,2019-02,false,false,,,,,false,false,,,,,,,,,,,,,,false,,,,,
"289",01.01.48,"1582",319764.165,5578374.57,159.9249854,50.32986677,6.467577226,776.94,617.0150146,60.02498291,99.90000244,154.4405815,3dm_32_319_5578_1_nw.laz,2021-12,false,false,,,,,false,false,,,,,,,,,,,,,,false,,,,,
"302",02.04.48,"5941",393301.18,5708356.25,100.5499991,51.51624033,7.462247167,183.84,83.29000092,60.30000122,40.24999786,153.487965,3dm_32_393_5708_1_nw.laz,2019-12,false,false,,,,,true,false,,,,,,,,true,false,2024/02/08 00:00:00,,missing,"with antenna,  building is above 100 m",true,building,https://de.wikipedia.org/wiki/RWE_Tower,false,https://dme-3.github.io/Obstacles-Map/embeds/2.4.48-2D.html,https://dme-3.github.io/Obstacles-Map/embeds/2.4.48-3D.html
"318",02.04.49,"437",396547.0042,5718237.449,100.2200003,51.60566922,7.506091434,156.29,56.06999969,60.10999969,40.11000061,152.1418764,3dm_32_396_5718_1_nw.laz,2019-12,false,false,,,,,true,false,,,,,,,,true,false,2024/02/08 00:00:00,,missing,,true,smoke stack,,false,https://dme-3.github.io/Obstacles-Map/embeds/2.4.49-2D.html,https://dme-3.github.io/Obstacles-Map/embeds/2.4.49-3D.html
"334",02.04.50,"6547",382844.9767,5715533.848,100.0599986,51.57868422,7.309211799,158.87,58.81000137,60.00000076,40.05999786,87.94577669,3dm_32_382_5715_1_nw.laz,2019-12,false,false,,,,,true,false,,,,,,,,true,false,2024/02/08 00:00:00,,missing,,true,electricity pylon,,false,https://dme-3.github.io/Obstacles-Map/embeds/2.4.50-2D.html,https://dme-3.github.io/Obstacles-Map/embeds/2.4.50-3D.html
"337",01.01.51,"1824",320763.5967,5578742.077,158.9925195,50.33347138,6.481430144,757.41,598.4174805,60.00499268,98.98752686,164.9095395,3dm_32_320_5578_1_nw.laz,2021-12,false,false,,,,,false,false,,,,,,,,,,,,,,false,,,,,
"354",02.01.52,"939",362024.6405,5718194.564,149.6774957,51.59788946,7.007860513,221.51,71.83250427,60.20749695,89.46999878,1126.875399,3dm_32_362_5718_1_nw.laz,2020-02,false,false,,,,,true,false,,,,,,,,true,false,2024/02/08 00:00:00,,missing,,true,smoke stack,https://de.wikipedia.org/wiki/Kraftwerk_Scholven,false,https://dme-3.github.io/Obstacles-Map/embeds/2.1.52-2D.html,https://dme-3.github.io/Obstacles-Map/embeds/2.1.52-3D.html
"367",03.04.52,"2019",494275.7547,5700066.649,179.4500122,51.45175131,8.917613192,519.25,339.7999878,60.00999146,119.4400208,124.8969787,3dm_32_494_5700_1_nw.laz,2021-02,false,false,,,,,false,false,,,,,,,,,,,,,,false,,,,,
"393",01.03.54,"6864",336480.0691,5651849.555,131.3100018,50.99502479,6.669832288,213.73,82.41999817,60.01000275,71.29999908,30647.26632,3dm_32_336_5651_1_nw.laz,2022-02,false,false,,,,,true,false,,,,,,,,false,true,2024/02/08 00:00:00,outlier / smoke,,,true,,,,https://dme-3.github.io/Obstacles-Map/embeds/1.3.54-2D.html,https://dme-3.github.io/Obstacles-Map/embeds/1.3.54-3D.html
"417",01.01.56,"930",321147.7833,5579109.483,157.1599707,50.33689183,6.486638329,733.94,576.7800293,60.01,97.1499707,150.8129032,3dm_32_321_5579_1_nw.laz,2021-12,false,false,,,,,false,false,,,,,,,,,,,,,,false,,,,,
"433",01.01.57,"986",316675.7656,5579543.269,156.1400098,50.33941331,6.423639878,755.63,599.4899902,60.14000977,96,154.1064909,3dm_32_316_5579_1_nw.laz,2021-12,false,false,,,,,false,false,,,,,,,,,,,,,,false,,,,,
"451",03.01.58,"24376",404405.4224,5721585.434,125.9499989,51.63710385,7.618549845,181.08,55.13000107,60.04000168,65.90999725,153.4495816,3dm_32_404_5721_1_nw.laz,2019-12,false,false,,,,,true,false,,,,,,,,true,false,2024/02/08 00:00:00,,missing,,true,building,,false,https://dme-3.github.io/Obstacles-Map/embeds/3.1.58-2D.html,https://dme-3.github.io/Obstacles-Map/embeds/3.1.58-3D.html
"487",03.02.60,"1157",402412.2168,5811147.491,167.8899997,52.44179566,7.564366088,201.57,33.68000031,95.21000076,72.67999893,231.7312014,3dm_32_402_5811_1_nw.laz,2019-02,false,false,,,,,false,false,,,,,,,,,,,,,,false,,,,,
"489",01.03.60,"811",335738.9355,5651234.617,126.5899957,50.98927868,6.659467597,210.11,83.52000427,60.07000366,66.51999207,29325.46609,3dm_32_335_5651_1_nw.laz,2022-02,false,false,,,,,true,false,,,,,,,,true,false,2024/02/08 18:55:39,,missing,,true,smoke stack,,false,https://dme-3.github.io/Obstacles-Map/embeds/1.3.60-2D.html,https://dme-3.github.io/Obstacles-Map/embeds/1.3.60-3D.html
"513",01.01.62,"738",315565.74,5580842.513,154.9249976,50.35074078,6.407588563,730.49,575.5650024,60.12500732,94.79999023,127.6585366,3dm_32_315_5580_1_nw.laz,2021-12,false,false,,,,,false,false,,,,,,,,,,,,,,false,,,,,
"562",02.01.65,"1367",373597.9373,5710176.427,140.1499985,51.52856324,7.177788165,195.05,54.90000153,60.05000015,80.09999832,176.4469642,3dm_32_373_5710_1_nw.laz,2019-12,false,false,,,,,true,false,,,,,,,,true,false,2024/02/08 00:00:00,,missing,,true,smoke stack,,false,https://dme-3.github.io/Obstacles-Map/embeds/2.1.65-2D.html,https://dme-3.github.io/Obstacles-Map/embeds/2.1.65-3D.html
"577",01.01.66,"859",317025.89,5579310.021,153.9350049,50.33742398,6.428722882,728.43,574.4949951,60.10249023,93.83251465,125.6635623,3dm_32_317_5579_1_nw.laz,2021-12,false,false,,,,,false,false,,,,,,,,,,,,,,false,,,,,
"593",01.01.67,"996",317072.8371,5579572.456,153.4949951,50.33979753,6.429202417,760.25,606.7550049,60.04998779,93.44500732,134.0863454,3dm_32_317_5579_1_nw.laz,2021-12,false,false,,,,,false,false,,,,,,,,,,,,,,false,,,,,
"599",03.02.67,"1467",402735.7349,5811870.883,161.7999986,52.4483467,7.568855587,196.36,34.56000137,60.06000061,101.739998,151.3537832,3dm_32_402_5811_1_nw.laz,2019-02,false,false,,,,,false,false,,,,,,,,,,,,,,false,,,,,
"615",03.02.68,"1059",429709.7822,5774165.903,161.4625024,52.11307918,7.973840346,234.21,72.74749756,60.06499634,101.3975061,136.0793201,3dm_32_429_5774_1_nw.laz,2019-02,false,false,,,,,false,false,,,,,,,,,,,,,,false,,,,,
"626",02.01.69,"570",356909.0022,5715493.954,138.1900017,51.57233148,6.935169964,185.2,47.00999832,60.00750015,78.18250153,1119.603509,3dm_32_356_5715_1_nw.laz,2020-03,false,false,,,,,true,false,,,,,,,,true,false,2024/02/08 00:00:00,,missing,,true,smoke stack,,false,https://dme-3.github.io/Obstacles-Map/embeds/2.1.69-2D.html,https://dme-3.github.io/Obstacles-Map/embeds/2.1.69-3D.html
"633",01.03.69,"460",348169.45,5660401.41,121.1275,51.07501447,6.832629677,165.44,44.3125,60.00999817,61.11750183,31120.03478,3dm_32_348_5660_1_nw.laz,2022-02,false,false,,,,,true,false,,,,,,,,true,false,,,missing,,true,smoke stack,,false,https://dme-3.github.io/Obstacles-Map/embeds/1.3.69-2D.html,https://dme-3.github.io/Obstacles-Map/embeds/1.3.69-3D.html
"635",03.03.69,"836",508609.9925,5813420.273,152.8049994,52.47087441,9.126748499,189.79,36.98500061,87.04249954,65.76249985,37226.58134,3dm_32_508_5813_1_nw.laz,2023-03,false,false,,,,,false,false,,,,,,,,,,,,,,false,,,,,
"706",03.01.74,"33573",459950.8861,5692164.338,118.2649963,51.37924301,8.424589278,438.8,320.5350037,60.00251465,58.26248169,170.6760194,3dm_32_459_5692_1_nw.laz,2021-03,false,false,,,,,true,false,,,,,,,,true,false,2024/02/08 00:00:00,,missing,Talbrücke Nuttlar,true,bridge or bridge pillar,https://de.wikipedia.org/wiki/Talbrücke_Nuttlar,false,https://dme-3.github.io/Obstacles-Map/embeds/3.1.74-2D.html,https://dme-3.github.io/Obstacles-Map/embeds/3.1.74-3D.html
"779",01.01.79,"763",316025.6567,5577167.44,150.6624756,50.31786681,6.415713528,731.5,580.8375244,60.21001709,90.4524585,137.3695937,3dm_32_316_5577_1_nw.laz,2021-12,false,false,,,,,false,false,,,,,,,,,,,,,,false,,,,,
"781",03.01.79,"52348",428947.8065,5725581.991,115.1999985,51.67670862,7.972405377,181.35,66.15000153,60.00000183,55.19999664,300.6298235,3dm_32_428_5725_1_nw.laz,2018-02,false,false,,,,,true,false,,,,,,,,true,false,2024/02/08 00:00:00,,missing,,true,building,,false,https://dme-3.github.io/Obstacles-Map/embeds/3.1.79-2D.html,https://dme-3.github.io/Obstacles-Map/embeds/3.1.79-3D.html
"796",03.01.80,"603",453706.7317,5719780.482,115.1899997,51.62714098,8.331200807,208.62,93.43000031,60.00999969,55.18,139.8971808,3dm_32_453_5719_1_nw.laz,2018-02,false,false,,,,,true,false,,,,,,,,false,true,2024/02/08 00:00:00,temporary object (e.g. crane),,,true,,,false,https://dme-3.github.io/Obstacles-Map/embeds/3.1.80-2D.html,https://dme-3.github.io/Obstacles-Map/embeds/3.1.80-3D.html
"809",01.01.81,"556",316285.2933,5577704.523,150.2775171,50.32277197,6.419091471,730.51,580.2324829,60.20999268,90.06752441,158.0791367,3dm_32_316_5577_1_nw.laz,2021-12,false,false,,,,,false,false,,,,,,,,,,,,,,false,,,,,
"826",03.01.82,"1299",460030.4809,5691995.805,113.8800098,51.37778814,8.425659857,431.37,317.4899902,79.24250977,34.6375,77.40184758,3dm_32_460_5691_1_nw.laz,2021-03,false,false,,,,,true,false,,,,,,,,true,false,2024/02/08 00:00:00,,missing,,true,electricity cable,,false,https://dme-3.github.io/Obstacles-Map/embeds/3.1.82-2D.html,https://dme-3.github.io/Obstacles-Map/embeds/3.1.82-3D.html
"839",01.01.83,"650",316528.08,5577631.933,149.1349927,50.32219374,6.422515068,718.83,569.6950073,60.00750244,89.12749023,137.8353846,3dm_32_316_5577_1_nw.laz,2021-12,false,false,,,,,false,false,,,,,,,,,,,,,,false,,,,,
"871",03.01.85,"3106",460044.2473,5692002.399,112.8274976,51.3778439,8.425844511,431.83,319.0025024,60.00249268,52.82500488,77.21377978,3dm_32_460_5692_1_nw.laz,2021-03,false,false,,,,,true,false,,,,,,,,true,false,2024/02/08 00:00:00,,missing,,true,electricity cable,,true,https://dme-3.github.io/Obstacles-Map/embeds/3.1.85-2D.html,https://dme-3.github.io/Obstacles-Map/embeds/3.1.85-3D.html
"875",03.02.85,"558",454729.85,5805409.28,146.2274985,52.39705266,8.334664912,190.94,44.71250153,89.96249725,56.26500122,40041.45878,3dm_32_454_5805_1_nw.laz,2023-02,false,false,,,,,false,false,,,,,,,,,,,,,,false,,,,,
"901",03.01.87,"11710",460001.3079,5692171.994,112.5575183,51.37938168,8.425251955,439.07,326.5124817,60.00000366,52.55751465,170.7774552,3dm_32_460_5692_1_nw.laz,2021-03,false,false,,,,,true,false,,,,,,,,true,false,2024/02/08 00:00:00,,missing,,true,bridge or bridge pillar,,true,https://dme-3.github.io/Obstacles-Map/embeds/3.1.87-2D.html,https://dme-3.github.io/Obstacles-Map/embeds/3.1.87-3D.html
"905",03.02.87,"1429",430029.78,5774234.27,145.6500021,52.11421641,7.978161055,218.89,73.23999786,60.14000305,85.50999908,100.5486354,3dm_32_430_5774_1_nw.laz,2019-02,false,false,,,,,false,false,,,,,,,,,,,,,,false,,,,,
"915",02.01.88,"1895",340321.4407,5693424.967,126.8750006,51.36959543,6.705979631,155.14,28.26499939,60.02749954,66.84750107,794.0575198,3dm_32_340_5693_1_nw.laz,2020-03,false,false,,,,,true,false,,,,,,,,true,false,2024/02/08 00:00:00,,missing,,true,smoke stack,,false,https://dme-3.github.io/Obstacles-Map/embeds/2.1.88-2D.html,https://dme-3.github.io/Obstacles-Map/embeds/2.1.88-3D.html
"923",03.03.88,"501",508588.9033,5812547.44,148.1524988,52.4630332,9.126415851,195.31,47.15750122,60.12250031,88.02999847,38461.05389,3dm_32_508_5812_1_nw.laz,2023-03,false,false,,,,,false,false,,,,,,,,,,,,,,false,,,,,
"935",03.02.89,"1162",431819.85,5774056.185,144.5900009,52.11283776,8.004334887,218.05,73.45999908,60.05,84.54000092,105.2177281,3dm_32_431_5774_1_nw.laz,2019-02,false,false,,,,,false,false,,,,,,,,,,,,,,false,,,,,
"946",03.01.90,"5538",429003.1279,5725501.285,111.5699997,51.67604986,7.973194631,177.75,66.18000031,60.00999634,51.56000336,319.368364,3dm_32_429_5725_1_nw.laz,2018-02,false,false,,,,,true,false,,,,,,,,true,false,2024/02/08 00:00:00,,missing,,true,building,,true,https://dme-3.github.io/Obstacles-Map/embeds/3.1.90-2D.html,https://dme-3.github.io/Obstacles-Map/embeds/3.1.90-3D.html
"968",03.03.91,"1251",495222.0233,5806483.303,147.0324988,52.40856025,8.929763125,197.94,50.90750122,60.29249985,86.73999893,40824.18545,3dm_32_495_5806_1_nw.laz,2023-02,false,false,,,,,false,false,,,,,,,,,,,,,,false,,,,,
"989",01.01.93,"572",316080.205,5582453.225,138.7425073,50.36536622,6.413857695,698.11,559.3674927,60.38747559,78.35503174,150.3304196,3dm_32_316_5582_1_nw.laz,2021-12,false,false,,,,,false,false,,,,,,,,,,,,,,false,,,,,
"995",03.02.93,"856",432172.985,5775623.925,143.1800034,52.12697751,8.009177251,220.45,77.26999664,60.06000366,83.11999969,143.0992991,3dm_32_432_5775_1_nw.laz,2019-02,false,false,,,,,false,false,,,,,,,,,,,,,,false,,,,,
"1002",03.04.93,"1751",496515.7033,5695429.588,170.5700012,51.41007252,8.949901119,489.1,318.5299988,60.11249146,110.4575098,155.9897202,3dm_32_496_5695_1_nw.laz,2021-03,false,false,,,,,false,false,,,,,,,,,,,,,,false,,,,,
"1010",03.02.94,"547",455855.88,5804897.7,142.3975003,52.39254225,8.3512849,186.53,44.13249969,60.40000061,81.99749969,35763.7532,3dm_32_455_5804_1_nw.laz,2023-02,false,false,,,,,false,false,,,,,,,,,,,,,,false,,,,,
"1011",01.03.94,"6977",358908.77,5643318.58,114.9099994,50.92423284,6.992466346,163.02,48.11000061,60.03000092,54.87999847,35689.3384,3dm_32_358_5643_1_nw.laz,2022-02,false,false,,,,,true,false,,,,,,,,true,false,,,missing,TÜV Building - significant,true,building,,false,https://dme-3.github.io/Obstacles-Map/embeds/1.3.94-2D.html,https://dme-3.github.io/Obstacles-Map/embeds/1.3.94-3D.html
"1026",01.03.95,"4126",368991.6489,5670938.388,114.7575015,51.17485334,7.125860356,218.17,103.4124985,60.0025,54.75500153,24422.95395,3dm_32_368_5670_1_nw.laz,2020-12,false,false,,,,,true,false,,,,,,,,true,false,2024/02/08 00:00:00,,missing,,true,electricity cable,,false,https://dme-3.github.io/Obstacles-Map/embeds/1.3.95-2D.html,https://dme-3.github.io/Obstacles-Map/embeds/1.3.95-3D.html
"1032",03.04.95,"629",488005.03,5692374.69,170.1200024,51.38248976,8.827636378,604.68,434.5599976,60.31499146,109.805011,155.0667727,3dm_32_488_5692_1_nw.laz,2021-03,false,false,,,,,false,false,,,,,,,,,,,,,,false,,,,,
"1036",03.01.96,"2308",459998.336,5691980.404,107.9399976,51.37766642,8.425262516,430.88,322.9400024,60.00251221,47.93748535,76.17937608,3dm_32_459_5691_1_nw.laz,2021-03,false,false,,,,,true,false,,,,,,,,true,false,2024/02/08 00:00:00,,missing,,true,electricity cable,,true,https://dme-3.github.io/Obstacles-Map/embeds/3.1.96-2D.html,https://dme-3.github.io/Obstacles-Map/embeds/3.1.96-3D.html
"1047",03.04.96,"1268",523534.4967,5710299.295,170.0949994,51.54329591,9.339380041,420.58,250.4850006,60.00000549,110.0949939,1278.22082,3dm_32_523_5710_1_nw.laz,2023-03,false,false,,,,,false,false,,,,,,,,,,,,,,false,,,,,
"1055",03.02.97,"764",455408.1567,5805413.433,141.4299992,52.39715183,8.344628998,185.63,44.20000076,60.12000015,81.30999908,35886.09555,3dm_32_455_5805_1_nw.laz,2023-02,false,false,,,,,false,false,,,,,,,,,,,,,,false,,,,,
"1056",01.03.97,"567",349001.81,5671976.913,113.2075017,51.17924136,6.839664304,153.78,40.57249832,60.19750031,53.01000137,36513.20811,3dm_32_349_5671_1_nw.laz,2022-02,false,false,,,,,true,false,,,,,,,,false,true,2024/02/08 18:24:22,outlier / smoke,,,true,smoke stack,,,https://dme-3.github.io/Obstacles-Map/embeds/1.3.97-2D.html,https://dme-3.github.io/Obstacles-Map/embeds/1.3.97-3D.html
"1065",02.01.98,"2722",343698.1088,5704834.765,122.5899985,51.47306801,6.749391466,156.24,33.65000153,60.07000076,62.51999771,1165.531227,3dm_32_343_5704_1_nw.laz,2020-03,false,false,,,,,true,false,,,,,,,,false,true,2024/02/08 00:00:00,destroyed,,snoke stack demolished in 2020,true,smoke stack,,false,https://dme-3.github.io/Obstacles-Map/embeds/2.1.98-2D.html,https://dme-3.github.io/Obstacles-Map/embeds/2.1.98-3D.html
"1085",03.02.99,"830",465209.4843,5782374.923,140.9174985,52.19074001,8.491064167,206.63,65.71250153,80.06500092,60.85249756,42465.45422,3dm_32_465_5782_1_nw.laz,2023-02,false,false,,,,,false,false,,,,,,,,,,,,,,false,,,,,
"1088",03.03.99,"563",495508.97,5805949.92,145.2600024,52.40376355,8.933984987,195.82,50.55999756,60.10249985,85.15750259,37122.1048,3dm_32_495_5805_1_nw.laz,2023-02,false,false,,,,,false,false,,,,,,,,,,,,,,false,,,,,
"1095",02.01.00,"359",341462.9867,5711077.473,340.5175004,51.52852364,6.714457205,369.48,28.96249962,244.3574996,96.16000076,1775.846797,3dm_32_341_5711_1_nw.laz,2020-03,false,false,,,,,true,false,,,,,,,,true,true,2024/02/08 00:00:00,outlier / smoke,displaced,300 m smoke stack displaced by about 60 m,true,smoke stack,,false,https://dme-3.github.io/Obstacles-Map/embeds/2.1.0-2D.html,https://dme-3.github.io/Obstacles-Map/embeds/2.1.0-3D.html
"1106",01.04.00,"28619",383982.2891,5610937.263,302.7,50.638701,7.359427392,302.7,0,291.12,11.58,41120.12327,3dm_32_383_5610_1_nw.laz,2021-12,false,false,,,,,false,false,,,,,,,,,,,,,,false,,,,,
"1107",02.04.00,"4590",394850.1732,5719205.097,249.9800006,51.61405527,7.481268718,302.12,52.13999939,60.00000015,189.9800005,153.4058824,3dm_32_394_5719_1_nw.laz,2019-12,false,false,,,,,true,false,,,,,,,,false,true,2024/02/08 00:00:00,destroyed,,,true,,,false,https://dme-3.github.io/Obstacles-Map/embeds/2.4.0-2D.html,https://dme-3.github.io/Obstacles-Map/embeds/2.4.0-3D.html
"1109",04.04.00,"83",439997.0994,5614000.685,557.36,50.67474864,8.150822229,557.36,0,542.96,14.4,1249.46988,3dm_32_439_5614_1_nw.laz,2021-03,false,false,,,,,false,false,,,,,,,,,,,,,,false,,,,,
"1111",02.01.01,"25196",361635.6557,5718842.914,299.7975024,51.603592,7.002096168,366.42,66.62249756,60.00250061,239.7950018,1390.636609,3dm_32_361_5718_1_nw.laz,2020-02,false,false,,,,,true,false,,,,,,,,true,false,2024/02/08 21:14:26,,missing,significant,true,smoke stack,https://de.wikipedia.org/wiki/Kraftwerk_Scholven,false,https://dme-3.github.io/Obstacles-Map/embeds/2.1.1-2D.html,https://dme-3.github.io/Obstacles-Map/embeds/2.1.1-3D.html
"1120",03.03.01,"119",531996.9416,5736000.404,362,51.77396399,9.463785703,362,0,337.22,24.78,75.44537815,3dm_32_531_5736_1_nw.laz,2018-03,false,false,,,,,false,false,,,,,,,,,,,,,,false,,,,,
"1122",01.04.01,"1364",383989.5094,5611004.973,301.06,50.63941252,7.359492989,301.06,0,300.55,0.51,41732.94355,3dm_32_383_5611_1_nw.laz,2021-12,false,false,,,,,false,false,,,,,,,,,,,,,,false,,,,,
"1132",03.02.02,"2037",402496.2938,5812144.965,206.3000017,52.45077478,7.565217226,241.06,34.75999832,60.07999817,146.2200035,127.7353952,3dm_32_402_5812_1_nw.laz,2019-02,false,false,,,,,false,false,,,,,,,,,,,,,,false,,,,,
"1136",03.03.02,"1246",500980.5,5727167.43,324.9299999,51.69545808,9.014186994,350.6,25.67000008,60.00998291,264.920017,539.6051364,3dm_32_500_5727_1_nw.laz,2023-02,false,false,,,,,true,false,,,,,,,,false,true,2024/02/08 00:00:00,likely DEM issue,,,true,,,false,https://dme-3.github.io/Obstacles-Map/embeds/3.3.2-2D.html,https://dme-3.github.io/Obstacles-Map/embeds/3.3.2-3D.html
"1138",01.04.02,"167",361999.5063,5604584.025,232.07,50.57682195,7.050927503,232.07,0,229.84,2.23,47733.99401,3dm_32_361_5604_1_nw.laz,2021-12,false,false,,,,,false,false,,,,,,,,,,,,,,false,,,,,
"1159",02.01.04,"4706",339348.4272,5716559.647,250.5800008,51.57718567,6.681566107,276.46,25.87999916,60.03749893,190.5425019,1429.657884,3dm_32_339_5716_1_nw.laz,2020-03,false,false,,,,,true,false,,,,,,,,true,false,2024/02/08 00:00:00,,missing,,true,smoke stack,https://de.wikipedia.org/wiki/Kraftwerk_Voerde,false,https://dme-3.github.io/Obstacles-Map/embeds/2.1.4-2D.html,https://dme-3.github.io/Obstacles-Map/embeds/2.1.4-3D.html
"1168",03.03.04,"149",530209.1562,5736000.555,270.55,51.77406864,9.437830879,270.55,0,236.34,34.21,56.87248322,3dm_32_530_5736_1_nw.laz,2018-03,false,false,,,,,false,false,,,,,,,,,,,,,,false,,,,,
"1170",01.04.04,"1419",342008.0619,5616006.529,179.66,50.67446266,6.763898169,179.66,0,60.04499664,119.6150034,200.3375617,3dm_32_342_5616_1_nw.laz,2022-02,false,false,,,,,true,false,,,,,,,,false,true,2024/02/08 00:00:00,likely DEM issue,,,true,,,false,https://dme-3.github.io/Obstacles-Map/embeds/1.4.4-2D.html,https://dme-3.github.io/Obstacles-Map/embeds/1.4.4-3D.html
"1173",04.04.04,"1353",442706.6875,5630846.713,171.2050171,50.82650423,8.186531983,702.25,531.0449829,60.0750293,111.1299878,1443.544715,3dm_32_442_5630_1_nw.laz,2021-03,false,false,,,,,false,false,,,,,,,,,,,,,,false,,,,,
"1181",04.02.05,"11337",408771.49,5681377.602,138.6225061,51.27645655,7.692204305,299.46,160.8374939,60.00250854,78.61999756,70.5587016,3dm_32_408_5681_1_nw.laz,2021-02,false,false,,,,,true,false,,,,,,,,true,false,2024/02/08 00:00:00,,missing,,true,electricity cable,,false,https://dme-3.github.io/Obstacles-Map/embeds/4.2.5-2D.html,https://dme-3.github.io/Obstacles-Map/embeds/4.2.5-3D.html
"1188",03.04.05,"20",505000.4171,5700488.604,532.1774902,51.45555153,9.071977015,312.75,-219.4274902,510.6474902,21.53,485.9,3dm_32_505_5700_1_nw.laz,2023-03,false,false,,,,,false,false,,,,,,,,,,,,,,false,,,,,
"1197",04.02.06,"11699",407405,5681327.268,136.3874982,51.27575037,7.672502172,330.53,194.1425018,60.00499756,76.38250061,69.28737499,3dm_32_407_5681_1_nw.laz,2021-02,false,false,,,,,true,false,,,,,,,,true,false,2024/02/08 22:18:40,,missing,,true,electricity cable,,false,https://dme-3.github.io/Obstacles-Map/embeds/4.2.6-2D.html,https://dme-3.github.io/Obstacles-Map/embeds/4.2.6-3D.html
"1221",04.04.07,"568",442375.727,5630439.552,156.5174927,50.8228103,8.18187807,665.9,509.3825073,107.0049963,49.51249634,1669.191901,3dm_32_442_5630_1_nw.laz,2021-03,false,false,,,,,false,false,,,,,,,,,,,,,,false,,,,,
"1223",02.01.08,"2089",339602.5354,5716502.788,217.6150011,51.57674131,6.685126813,244.11,26.49499893,60.08000084,157.5350002,1172.451891,3dm_32_339_5716_1_nw.laz,2020-03,false,false,,,,,true,false,,,,,,,,true,false,2024/02/08 00:00:00,,missing,,true,smoke stack,https://de.wikipedia.org/wiki/Kraftwerk_Voerde,false,https://dme-3.github.io/Obstacles-Map/embeds/2.1.8-2D.html,https://dme-3.github.io/Obstacles-Map/embeds/2.1.8-3D.html
"1229",04.02.08,"52",424797.652,5676366.652,130.8775,51.23371933,7.922839277,518.94,388.0625,100.1600098,30.71749023,80.94230769,3dm_32_424_5676_1_nw.laz,2021-02,false,false,,,,,true,false,,,,,,,,false,true,,,,,true,,,,https://dme-3.github.io/Obstacles-Map/embeds/4.2.8-2D.html,https://dme-3.github.io/Obstacles-Map/embeds/4.2.8-3D.html
"1237",04.04.08,"915",442285.1822,5630050.034,155.7724658,50.81929403,8.180696903,694.12,538.3475342,60.57753906,95.19492676,1567.951913,3dm_32_442_5630_1_nw.laz,2021-03,false,false,,,,,false,false,,,,,,,,,,,,,,false,,,,,
"1245",04.02.09,"12681",406885.5083,5681698.695,129.9499866,51.27900223,7.664969927,416.37,286.4200134,60.01249634,69.93749023,71.58512736,3dm_32_406_5681_1_nw.laz,2021-02,false,false,,,,,true,false,,,,,,,,true,false,2024/02/08 22:18:48,,missing,,true,electricity cable,,false,https://dme-3.github.io/Obstacles-Map/embeds/4.2.9-2D.html,https://dme-3.github.io/Obstacles-Map/embeds/4.2.9-3D.html
"1246",01.03.09,"9318",332689.1684,5656945.703,187.9600031,51.03963655,6.61340459,289.16,101.1999969,60.00000031,127.9600027,32228.6407,3dm_32_332_5656_1_nw.laz,2022-02,false,false,,,,,true,false,,,,,,,,true,false,,,missing,significant,true,smoke stack,,false,https://dme-3.github.io/Obstacles-Map/embeds/1.3.9-2D.html,https://dme-3.github.io/Obstacles-Map/embeds/1.3.9-3D.html
"1261",04.02.10,"6099",413549.0585,5677482.295,123.6199969,51.24205532,7.761366171,322.67,199.0500031,60.00750854,63.6124884,61.20134448,3dm_32_413_5677_1_nw.laz,2021-02,false,false,,,,,true,false,,,,,,,,true,false,2024/02/08 00:00:00,,missing,,true,electricity cable,,false,https://dme-3.github.io/Obstacles-Map/embeds/4.2.10-2D.html,https://dme-3.github.io/Obstacles-Map/embeds/4.2.10-3D.html
"1292",03.02.12,"1142",402265.94,5811443.82,189.0199982,52.44443547,7.562032128,222.6,33.58000183,137.2799994,51.73999878,226.1611208,3dm_32_402_5811_1_nw.laz,2019-02,false,false,,,,,false,false,,,,,,,,,,,,,,false,,,,,
"1309",04.02.13,"5122",405178.175,5683837.368,116.0474939,51.29786252,7.639917139,410.46,294.4125061,60.00751099,56.03998291,70.17219836,3dm_32_405_5683_1_nw.laz,2021-02,false,false,,,,,true,false,,,,,,,,true,false,2024/02/08 22:19:07,,missing,,true,electricity cable,,false,https://dme-3.github.io/Obstacles-Map/embeds/4.2.13-2D.html,https://dme-3.github.io/Obstacles-Map/embeds/4.2.13-3D.html
"1314",01.04.13,"21",355855.6775,5603999.43,150.4949902,50.57011113,6.964442702,355.63,205.1350098,128.8900024,21.60498779,33249.57143,3dm_32_355_5603_1_nw.laz,2021-12,false,false,,,,,true,false,,,,,,,,false,true,2024/02/08 00:00:00,likely DEM issue,,,true,,,false,https://dme-3.github.io/Obstacles-Map/embeds/1.4.13-2D.html,https://dme-3.github.io/Obstacles-Map/embeds/1.4.13-3D.html
"1325",04.02.14,"1548",409692.9093,5681444.537,115.145011,51.27722232,7.705257867,285.54,170.394989,60.0025,55.14251099,126.379845,3dm_32_409_5681_1_nw.laz,2021-02,false,false,,,,,true,false,,,,,,,,true,false,2024/02/08 00:00:00,,missing,,true,smoke stack,,false,https://dme-3.github.io/Obstacles-Map/embeds/4.2.14-2D.html,https://dme-3.github.io/Obstacles-Map/embeds/4.2.14-3D.html
"1335",02.01.15,"10361",341014.4004,5710798.341,182.1899994,51.52597098,6.708199912,209.05,26.86000061,60.00499878,122.1850006,1339.400251,3dm_32_341_5710_1_nw.laz,2020-03,false,false,,,,,true,false,,,,,,,,true,false,2024/02/08 00:00:00,,displaced,,true,cooling tower,,true,https://dme-3.github.io/Obstacles-Map/embeds/2.1.15-2D.html,https://dme-3.github.io/Obstacles-Map/embeds/2.1.15-3D.html
"1349",04.04.15,"1460",440739.114,5626182.407,146.4574707,50.78436683,8.159331935,698.8,552.3425293,60.00251709,86.45495361,1576.3,3dm_32_440_5626_1_nw.laz,2021-03,false,false,,,,,false,false,,,,,,,,,,,,,,false,,,,,
"1351",02.01.16,"21190",340971.2182,5710798.496,180.7299991,51.52618432,6.707561173,207.77,27.04000092,60.00000015,120.7299989,1413.111279,3dm_32_340_5710_1_nw.laz,2020-03,false,false,,,,,true,false,,,,,,,,true,false,,,displaced,AIP point is 70 m away from cooling tower center,true,cooling tower,,false,https://dme-3.github.io/Obstacles-Map/embeds/2.1.16-2D.html,https://dme-3.github.io/Obstacles-Map/embeds/2.1.16-3D.html
"1356",03.02.16,"1088",429829.19,5773765.857,188.3400027,52.10997401,7.975329727,263.47,75.12999725,60.38000092,127.9600018,164.65625,3dm_32_429_5773_1_nw.laz,2019-02,false,false,,,,,false,false,,,,,,,,,,,,,,false,,,,,
"1357",04.02.16,"10734",409737.2373,5681256.428,107.9899927,51.27549264,7.705937323,278.56,170.5700073,60.01749023,47.97250244,138.4202534,3dm_32_409_5681_1_nw.laz,2021-02,false,false,,,,,true,false,,,,,,,,true,false,2024/02/08 00:00:00,,missing,,true,building,,false,https://dme-3.github.io/Obstacles-Map/embeds/4.2.16-2D.html,https://dme-3.github.io/Obstacles-Map/embeds/4.2.16-3D.html
"1362",01.04.16,"61",341999.598,5616002.618,135.7324986,50.67439235,6.763810497,178.48,42.74750137,63.77749878,71.95499985,217.2131148,3dm_32_341_5616_1_nw.laz,2022-02,false,false,,,,,true,false,,,,,,,,false,true,2024/02/08 00:00:00,likely DEM issue,,,true,,,false,https://dme-3.github.io/Obstacles-Map/embeds/1.4.16-2D.html,https://dme-3.github.io/Obstacles-Map/embeds/1.4.16-3D.html
"1379",02.04.17,"26107",385112.135,5721534.22,131.2299986,51.63307545,7.339966332,190.54,59.31000137,60.00999817,71.22000046,135.7155935,3dm_32_385_5721_1_nw.laz,2019-12,false,false,,,,,true,false,,,,,,,,true,false,2024/02/08 00:00:00,,missing,,true,building,,false,https://dme-3.github.io/Obstacles-Map/embeds/2.4.17-2D.html,https://dme-3.github.io/Obstacles-Map/embeds/2.4.17-3D.html
"1399",02.01.19,"107",332399.6,5724839.51,175.7775,51.64953782,6.577350265,195.84,20.0625,60.59750053,115.1799995,5508.925234,3dm_32_332_5724_1_nw.laz,2020-02,false,false,,,,,true,false,,,,,,,,true,false,2024/02/08 00:00:00,,missing,antenna guywires missing,true,antenna,,false,https://dme-3.github.io/Obstacles-Map/embeds/2.1.19-2D.html,https://dme-3.github.io/Obstacles-Map/embeds/2.1.19-3D.html
"1401",04.01.19,"96654",428709.2655,5633573.235,106.9250061,50.84952194,7.987303704,329.2,222.2749939,60.00249146,46.92251465,1155.204668,3dm_32_428_5633_1_nw.laz,2021-03,false,false,,,,,true,false,,,,,,,,true,false,2024/02/08 00:00:00,,missing,Siegtalbrücke,true,bridge or bridge pillar,https://de.wikipedia.org/wiki/Siegtalbrücke,false,https://dme-3.github.io/Obstacles-Map/embeds/4.1.19-2D.html,https://dme-3.github.io/Obstacles-Map/embeds/4.1.19-3D.html
"1404",03.02.19,"1051",402582.4467,5811552.213,186.3199998,52.44546671,7.566651025,220.41,34.09000015,148.2899995,38.03000031,267.9410086,3dm_32_402_5811_1_nw.laz,2019-02,false,false,,,,,false,false,,,,,,,,,,,,,,false,,,,,
"1405",04.02.19,"6668",405857.0733,5682882.927,103.7449982,51.28948737,7.649902329,345.7,241.9550018,60.00000122,43.74499695,74.56178764,3dm_32_405_5682_1_nw.laz,2021-02,false,false,,,,,true,false,,,,,,,,true,false,2024/02/08 22:18:57,,missing,,true,electricity cable,,false,https://dme-3.github.io/Obstacles-Map/embeds/4.2.19-2D.html,https://dme-3.github.io/Obstacles-Map/embeds/4.2.19-3D.html
"1411",02.04.19,"28576",393466.9745,5719210.209,128.8500003,51.61383222,7.461365877,186.92,58.06999969,60.00000061,68.84999969,164.8024566,3dm_32_393_5719_1_nw.laz,2019-12,false,false,,,,,true,false,,,,,,,,true,false,2024/02/08 00:00:00,,missing,,true,building,,false,https://dme-3.github.io/Obstacles-Map/embeds/2.4.19-2D.html,https://dme-3.github.io/Obstacles-Map/embeds/2.4.19-3D.html
"1412",03.04.19,"1625",522419.41,5710818.085,204.9774939,51.54801441,9.32332562,459.89,254.9125061,60.3274939,144.65,1456.980308,3dm_32_522_5710_1_nw.laz,2023-03,false,false,,,,,false,false,,,,,,,,,,,,,,false,,,,,
"1413",04.04.19,"610",441172.9014,5626483.204,145.5225146,50.78711878,8.16543009,694.57,549.0474854,60.18751465,85.335,1414.352459,3dm_32_441_5626_1_nw.laz,2021-03,false,false,,,,,false,false,,,,,,,,,,,,,,false,,,,,
"1426",01.04.20,"79",368003.5917,5619966.668,122.7399986,50.71651877,7.130227187,175.3,52.56000137,112.3549979,10.38500076,37740.73418,3dm_32_368_5619_1_nw.laz,2021-12,false,false,,,,,true,false,,,,,,,,false,true,2024/02/08 00:00:00,outlier / smoke,,,true,,,false,https://dme-3.github.io/Obstacles-Map/embeds/1.4.20-2D.html,https://dme-3.github.io/Obstacles-Map/embeds/1.4.20-3D.html
"1433",04.01.21,"9552",412330.2333,5635305.297,103.1049927,50.86277464,7.754254914,320.05,216.9450073,60.0000061,43.10498657,24677.04062,3dm_32_412_5635_1_nw.laz,2021-02,false,false,,,,,true,false,,,,,,,,true,false,2024/02/08 00:00:00,,missing,,true,electricity cable,,false,https://dme-3.github.io/Obstacles-Map/embeds/4.1.21-2D.html,https://dme-3.github.io/Obstacles-Map/embeds/4.1.21-3D.html
"1449",04.01.22,"3646",411767.5467,5636344.082,100.9575012,50.87202181,7.746031604,331.05,230.0924988,60.00250488,40.95499634,24995.68486,3dm_32_411_5636_1_nw.laz,2021-02,false,false,,,,,true,false,,,,,,,,true,false,2024/02/08 00:00:00,,missing,,true,electricity cable,,false,https://dme-3.github.io/Obstacles-Map/embeds/4.1.22-2D.html,https://dme-3.github.io/Obstacles-Map/embeds/4.1.22-3D.html
"1452",03.02.22,"1088",402331.4775,5811806.8,185.7599982,52.44770948,7.562892559,219.84,34.08000183,60.11999908,125.6399991,180.6957721,3dm_32_402_5811_1_nw.laz,2019-02,false,false,,,,,false,false,,,,,,,,,,,,,,false,,,,,
"1458",01.04.22,"8098",366924.4967,5620291.88,120.4925003,50.71918891,7.114735869,181.75,61.25749969,60.00999908,60.48250122,36888.21709,3dm_32_366_5620_1_nw.laz,2021-12,false,false,,,,,true,false,,,,,,,,true,true,2024/02/08 00:00:00,temporary object (e.g. crane),missing,101.5 m + building missing - ALS height 112 m due to crane,true,building,"https://de.wikipedia.org/wiki/Stadtquartier_Neuer_Kanzlerplatz
https://neuer-kanzlerplatz.de/hier-tut-sich-was-baufortschritt-am-neuen-kanzlerplatz/
",false,https://dme-3.github.io/Obstacles-Map/embeds/1.4.22-2D.html,https://dme-3.github.io/Obstacles-Map/embeds/1.4.22-3D.html
"1461",04.04.22,"1344",440134.7583,5626343.125,138.8874951,50.78576065,8.150764111,681.83,542.9425049,60.02250244,78.86499268,1532.38244,3dm_32_440_5626_1_nw.laz,2021-03,false,false,,,,,false,false,,,,,,,,,,,,,,false,,,,,
"1468",03.02.23,"1252",402575.1033,5812455.347,185.4899997,52.45358147,7.566290248,219.92,34.43000031,122.8199995,62.67000015,219.9241214,3dm_32_402_5812_1_nw.laz,2019-02,false,false,,,,,false,false,,,,,,,,,,,,,,false,,,,,
"1477",04.04.23,"784",440445.862,5626663.916,138.7500049,50.78866339,8.15510698,685.12,546.3699951,60.17996094,78.57004395,1491.163265,3dm_32_440_5626_1_nw.laz,2021-03,false,false,,,,,false,false,,,,,,,,,,,,,,false,,,,,
"1479",02.01.24,"75",332499.94,5724759.17,166.8299992,51.64884598,6.578837747,186.7,19.87000084,64.20500153,102.6249976,7011.453333,3dm_32_332_5724_1_nw.laz,2020-02,false,false,,,,,true,false,,,,,,,,true,false,2024/02/08 21:11:45,,missing,antenna guywires missing,true,antenna,,false,https://dme-3.github.io/Obstacles-Map/embeds/2.1.24-2D.html,https://dme-3.github.io/Obstacles-Map/embeds/2.1.24-3D.html
"1486",01.03.24,"10275",344808.3,5676379.38,153.8099989,51.21768584,6.777800757,191.44,37.63000107,60.00500153,93.80499741,36554.94122,3dm_32_344_5676_1_nw.laz,2022-02,false,false,,,,,true,false,,,,,,,,true,true,2024/02/08 00:00:00,outlier / smoke,displaced,top of the 120+ m building displaced by 60 m,true,building,,,https://dme-3.github.io/Obstacles-Map/embeds/1.3.24-2D.html,https://dme-3.github.io/Obstacles-Map/embeds/1.3.24-3D.html
"1495",02.01.25,"67",332396.72,5724710.6,166.7575005,51.64838405,6.57737566,186.8,20.04249954,61.19500015,105.5625003,8364.179104,3dm_32_332_5724_1_nw.laz,2020-02,false,false,,,,,true,false,,,,,,,,true,false,2024/02/08 00:00:00,,missing,antenna guywires missing,true,antenna,,false,https://dme-3.github.io/Obstacles-Map/embeds/2.1.25-2D.html,https://dme-3.github.io/Obstacles-Map/embeds/2.1.25-3D.html
"1506",01.04.25,"18892",367854.5164,5620182.834,116.9650003,50.71840391,7.128010086,170.41,53.44499969,60.00750305,56.95749725,34991.81198,3dm_32_367_5620_1_nw.laz,2021-12,false,false,,,,,true,false,,,,,,,,true,false,2024/02/08 00:00:00,,displaced,AIP point is 64 m away from building's highest point,true,building,,false,https://dme-3.github.io/Obstacles-Map/embeds/1.4.25-2D.html,https://dme-3.github.io/Obstacles-Map/embeds/1.4.25-3D.html
"1516",03.02.26,"1635",402120.434,5810495.93,183.9600009,52.43589273,7.559932235,218.17,34.20999908,82.95000092,101.01,312.6776758,3dm_32_402_5810_1_nw.laz,2019-02,false,false,,,,,false,false,,,,,,,,,,,,,,false,,,,,
"1525",04.04.26,"145",432286.3864,5620059.577,135.3650342,50.72841204,8.040646592,713.33,577.9649658,130.2499927,5.115041504,1350.193103,3dm_32_432_5620_1_nw.laz,2021-03,false,false,,,,,true,false,,,,,,,,false,true,2024/02/08 00:00:00,other,,helicopter,true,,,false,https://dme-3.github.io/Obstacles-Map/embeds/4.4.26-2D.html,https://dme-3.github.io/Obstacles-Map/embeds/4.4.26-3D.html
"1541",04.04.27,"1263",440753.072,5626518.291,132.537478,50.78734311,8.159436455,708.06,575.522522,60.15250488,72.38497314,1569.840063,3dm_32_440_5626_1_nw.laz,2021-03,false,false,,,,,false,false,,,,,,,,,,,,,,false,,,,,
"1557",04.04.28,"763",441142.0661,5626137.984,130.2599805,50.78401039,8.165072057,683.03,552.7700195,60.95750732,69.30247314,1571.986894,3dm_32_441_5626_1_nw.laz,2021-03,false,false,,,,,false,false,,,,,,,,,,,,,,false,,,,,
"1572",03.04.29,"2149",497258.7875,5694283.18,196.8699854,51.3997712,8.960597506,590.76,393.8900146,60.02499146,136.8449939,176.5551419,3dm_32_497_5694_1_nw.laz,2021-03,false,false,,,,,false,false,,,,,,,,,,,,,,false,,,,,
"1579",1.1.105,"1148",315856.055,5577561.892,125.9250342,50.32135479,6.413117676,728.14,602.2149658,60.27997803,65.64505615,196.0705575,3dm_32_315_5577_1_nw.laz,2021-12,false,false,,,,,false,false,,,,,,,,,,,,,,false,,,,,
"1580",1.1.106,"669",316417.32,5583005.03,124.9524658,50.37043417,6.418344119,676.8,551.8475342,60.435,64.51746582,149.1599402,3dm_32_316_5583_1_nw.laz,2021-12,false,false,,,,,false,false,,,,,,,,,,,,,,false,,,,,
"1586",1.1.112,"632",315928.77,5577787,117.77,50.32340101,6.414030114,711.02,593.25,60.05752197,57.71247803,162.4778481,3dm_32_315_5577_1_nw.laz,2021-12,false,false,,,,,false,false,,,,,,,,,,,,,,false,,,,,
"1596",1.1.122,"936",315692.19,5576988.39,113.5100098,50.31615208,6.411100066,702,588.4899902,60.02253906,53.4874707,183.4433761,3dm_32_315_5576_1_nw.laz,2021-12,false,false,,,,,false,false,,,,,,,,,,,,,,false,,,,,
"1597",1.1.123,"1227",316161.1867,5577467.6,113.3350122,50.3206038,6.417449515,715.01,601.6749878,60.22498535,53.11002686,203.5289324,3dm_32_316_5577_1_nw.laz,2021-12,false,false,,,,,false,false,,,,,,,,,,,,,,false,,,,,
"1600",1.1.126,"1283",315784.745,5577270.475,111.4775171,50.31871961,6.412260069,702.96,591.4824829,60.29249756,51.18501953,203.5058457,3dm_32_315_5577_1_nw.laz,2021-12,false,false,,,,,false,false,,,,,,,,,,,,,,false,,,,,
"1601",1.1.127,"858",314218.685,5577515.53,110.6649878,50.3204255,6.390172662,695.74,585.0750122,60.11250244,50.55248535,169.7855478,3dm_32_314_5577_1_nw.laz,2021-12,false,false,,,,,false,false,,,,,,,,,,,,,,false,,,,,
"1613",1.1.139,"1003",314693.625,5577618.335,105.7049902,50.32149747,6.396765327,700.84,595.1350098,60.00749756,45.69749268,184.773679,3dm_32_314_5577_1_nw.laz,2021-12,false,false,,,,,false,false,,,,,,,,,,,,,,false,,,,,
"1614",1.1.140,"670",314994.28,5577670.48,105.5925244,50.32206157,6.400973141,703.38,597.7874756,60.00997559,45.58254883,169.4373134,3dm_32_314_5577_1_nw.laz,2021-12,false,false,,,,,false,false,,,,,,,,,,,,,,false,,,,,
"1622",1.1.148,"1112",314451.2369,5577544.391,103.8549902,50.32074303,6.393940129,692.99,589.1350098,60.00498779,43.85000244,193.5584532,3dm_32_314_5577_1_nw.laz,2021-12,false,false,,,,,false,false,,,,,,,,,,,,,,false,,,,,
"1630",1.1.156,"585",305154.9997,5626184.806,100.8300098,50.75469596,6.237570045,328.07,227.2399902,60.17000732,40.66000244,120.9555556,3dm_32_305_5626_1_nw.laz,2022-03,false,false,,,,,true,false,,,,,,,,true,false,,,missing,,true,smoke stack,,false,https://dme-3.github.io/Obstacles-Map/embeds/1.1.156-2D.html,https://dme-3.github.io/Obstacles-Map/embeds/1.1.156-3D.html
"1965",1.2.128,"138",320998.437,5637007.349,121.86,50.85701986,6.456660111,121.86,0,60.68999802,61.17000198,151.5434783,3dm_32_320_5637_1_nw.laz,2022-01,false,false,,,,,true,false,,,,,,,,false,true,2024/02/08 00:00:00,other,,possible DEM issue,true,,,,https://dme-3.github.io/Obstacles-Map/embeds/1.2.128-2D.html,https://dme-3.github.io/Obstacles-Map/embeds/1.2.128-3D.html
"1986",1.2.149,"935",289188.92,5637506.39,115.6974982,50.85078436,6.005011573,293.59,177.8925018,60.00249634,55.69500183,105.7176471,3dm_32_289_5637_1_nw.laz,2022-02,false,false,,,,,false,false,,,,,,,,,,,,,,false,,,,,
"2376",1.3.101,"753",369005.6278,5670962.138,111.5500043,51.17505166,7.126029717,216.03,104.4799957,67.35249634,44.19750793,24553.21514,3dm_32_369_5670_1_nw.laz,2020-12,false,false,,,,,true,false,,,,,,,,true,false,2024/02/08 00:00:00,,missing,,true,electricity cable,,true,https://dme-3.github.io/Obstacles-Map/embeds/1.3.101-2D.html,https://dme-3.github.io/Obstacles-Map/embeds/1.3.101-3D.html
"2398",1.3.103,"512",369840.8633,5669575.59,110.7725,51.16279438,7.138530433,212.71,101.9375,60.1325,50.64,22671.86719,3dm_32_369_5669_1_nw.laz,2020-12,false,false,,,,,true,false,,,,,,,,true,false,2024/02/08 00:00:00,,missing,,true,electricity cable,,false,https://dme-3.github.io/Obstacles-Map/embeds/1.3.103-2D.html,https://dme-3.github.io/Obstacles-Map/embeds/1.3.103-3D.html
"2442",1.3.107,"5435",339337.907,5674926.7,108.9824998,51.20316081,6.700136348,145.51,36.52750015,60.00750183,48.97499802,34713.41932,3dm_32_339_5674_1_nw.laz,2022-02,false,false,,,,,true,false,,,,,,,,false,true,2024/02/08 00:00:00,temporary object (e.g. crane),,,true,,,,https://dme-3.github.io/Obstacles-Map/embeds/1.3.107-2D.html,https://dme-3.github.io/Obstacles-Map/embeds/1.3.107-3D.html
"2508",1.3.113,"61",343732.8333,5676900.243,107.6375008,51.22207542,6.762188445,136.25,28.61249924,60.96499985,46.67250092,20828.54098,3dm_32_343_5676_1_nw.laz,2022-02,false,false,,,,,true,false,,,,,,,,true,false,2024/02/08 00:00:00,,missing,highest bridge pillars missing,true,bridge or bridge pillar,https://de.wikipedia.org/wiki/Rheinkniebrücke,false,https://dme-3.github.io/Obstacles-Map/embeds/1.3.113-2D.html,https://dme-3.github.io/Obstacles-Map/embeds/1.3.113-3D.html
"2519",1.3.114,"2911",356540.36,5640995.14,107.2999992,50.90276821,6.959703333,158.25,50.95000076,60.65999985,46.63999939,38879.31673,3dm_32_356_5640_1_nw.laz,2022-01,false,false,,,,,true,false,,,,,,,,true,false,2024/02/08 00:00:00,,missing,Funkhaus Köln (Deutschlandradio),true,building,https://de.wikipedia.org/wiki/Funkhaus_Köln_(Deutschlandradio),false,https://dme-3.github.io/Obstacles-Map/embeds/1.3.114-2D.html,https://dme-3.github.io/Obstacles-Map/embeds/1.3.114-3D.html
"2530",1.3.115,"4723",336244.265,5651812.105,106.9400018,50.994591,6.666751084,189.36,82.41999817,60.0074939,46.93250793,33898.64366,3dm_32_336_5651_1_nw.laz,2022-02,false,false,,,,,true,false,,,,,,,,true,false,2024/02/08 00:00:00,,missing,,true,cooling tower,,false,https://dme-3.github.io/Obstacles-Map/embeds/1.3.115-2D.html,https://dme-3.github.io/Obstacles-Map/embeds/1.3.115-3D.html
"2533",1.3.118,"1968",369014.525,5671000.755,104.7849957,51.17540969,7.126153689,228.68,123.8950043,60.01999634,44.76499939,24482.71494,3dm_32_369_5671_1_nw.laz,2020-12,false,false,,,,,true,false,,,,,,,,true,false,2024/02/08 00:00:00,,missing,,true,electricity cable,,true,https://dme-3.github.io/Obstacles-Map/embeds/1.3.118-2D.html,https://dme-3.github.io/Obstacles-Map/embeds/1.3.118-3D.html
"2535",1.3.120,"4422",371740.915,5674335.628,104.2524982,51.20599866,7.163916106,273.52,169.2675018,60.00501099,44.24748718,23490.84622,3dm_32_371_5674_1_nw.laz,2020-12,false,false,,,,,true,false,,,,,,,,true,false,2024/02/08 00:00:00,,missing,,true,electricity cable,,false,https://dme-3.github.io/Obstacles-Map/embeds/1.3.120-2D.html,https://dme-3.github.io/Obstacles-Map/embeds/1.3.120-3D.html
"2536",1.3.121,"7500",354625.72,5645871.683,104.0999991,50.9461013,6.930536125,152.39,48.29000092,60.02999847,44.07000061,35550.8272,3dm_32_354_5645_1_nw.laz,2022-02,false,false,,,,,true,false,,,,,,,,true,false,2024/02/08 00:00:00,,missing,Deutsche Telekom Tower,true,building,"104 m with antenna
99 m without
https://de.wikipedia.org/wiki/Liste_der_Hochhäuser_in_Köln",false,https://dme-3.github.io/Obstacles-Map/embeds/1.3.121-2D.html,https://dme-3.github.io/Obstacles-Map/embeds/1.3.121-3D.html
"2538",1.3.123,"9037",344454.03,5679607.74,103.4425006,51.24659734,6.771330503,140.27,36.82749939,60.03250214,43.40999847,44612.1713,3dm_32_344_5679_1_nw.laz,2022-02,false,false,,,,,true,false,,,,,,,,false,true,2024/02/08 00:00:00,outlier / smoke,,,true,,,,https://dme-3.github.io/Obstacles-Map/embeds/1.3.123-2D.html,https://dme-3.github.io/Obstacles-Map/embeds/1.3.123-3D.html
"2539",1.3.124,"925",348031.0925,5661283.445,103.0650012,51.08290187,6.830293202,147.47,44.40499878,60.05999893,43.00500229,39375.02162,3dm_32_348_5661_1_nw.laz,2022-02,false,false,,,,,true,false,,,,,,,,false,true,,outlier / smoke,,,true,,,,https://dme-3.github.io/Obstacles-Map/embeds/1.3.124-2D.html,https://dme-3.github.io/Obstacles-Map/embeds/1.3.124-3D.html
"2541",1.3.126,"756",332322.41,5662484.122,102.0650002,51.08931529,6.605653884,158.85,56.78499985,60.00000015,42.065,37021.19577,3dm_32_332_5662_1_nw.laz,2022-02,false,false,,,,,true,false,,,,,,,,false,true,,outlier / smoke,,,true,antenna,,,https://dme-3.github.io/Obstacles-Map/embeds/1.3.126-2D.html,https://dme-3.github.io/Obstacles-Map/embeds/1.3.126-3D.html
"2544",1.3.129,"605",344487.074,5668608.765,100.5724997,51.14776526,6.77654351,140.94,40.36750031,60.01000061,40.56249908,34618.04793,3dm_32_344_5668_1_nw.laz,2022-02,false,false,,,,,true,false,,,,,,,,true,false,2024/02/08 00:00:00,,missing,,true,smoke stack,,false,https://dme-3.github.io/Obstacles-Map/embeds/1.3.129-2D.html,https://dme-3.github.io/Obstacles-Map/embeds/1.3.129-3D.html
"2545",1.3.130,"816",348004.9808,5677066.058,100.1100008,51.22472263,6.823253278,140.66,40.54999924,60.12000076,39.99,34788.85539,3dm_32_348_5677_1_nw.laz,2022-02,false,false,,,,,true,false,,,,,,,,true,false,2024/02/08 18:23:14,,missing,,true,smoke stack,,false,https://dme-3.github.io/Obstacles-Map/embeds/1.3.130-2D.html,https://dme-3.github.io/Obstacles-Map/embeds/1.3.130-3D.html
"3819",2.1.103,"2716",330641.472,5710221.178,121.6025014,51.51767758,6.558979996,148.73,27.12749863,60.51749886,61.08500252,1411.392489,3dm_32_330_5710_1_nw.laz,2020-03,false,false,,,,,true,false,,,,,,,,false,true,2024/02/08 00:00:00,temporary object (e.g. crane),,,true,,,false,https://dme-3.github.io/Obstacles-Map/embeds/2.1.103-2D.html,https://dme-3.github.io/Obstacles-Map/embeds/2.1.103-3D.html
"3885",2.1.109,"15167",341343.6733,5711121.932,121.0400003,51.52888999,6.71270289,149.61,28.56999969,60.01999908,61.02000122,1271.73416,3dm_32_341_5711_1_nw.laz,2020-03,false,false,,,,,true,false,,,,,,,,true,true,2024/02/08 00:00:00,outlier / smoke,missing,"14 m building, smoke on top",true,building,,false,https://dme-3.github.io/Obstacles-Map/embeds/2.1.109-2D.html,https://dme-3.github.io/Obstacles-Map/embeds/2.1.109-3D.html
"3918",2.1.112,"1186",363178.935,5717563.526,120.6174969,51.59249579,7.024790094,186.48,65.86250305,60.13249878,60.48499817,1193.477234,3dm_32_363_5717_1_nw.laz,2020-03,false,false,,,,,true,false,NORDRHEIN-WESTFALEN 260-30,,,,,,,true,false,2024/02/08 00:00:00,,displaced,NORDRHEIN-WESTFALEN 260-30 stack displaced by 310 m !,true,smoke stack,,false,https://dme-3.github.io/Obstacles-Map/embeds/2.1.112-2D.html,https://dme-3.github.io/Obstacles-Map/embeds/2.1.112-3D.html
"4248",2.1.142,"31",340221.3767,5723553.747,117.9199997,51.6402625,6.690906831,145.85,27.93000031,83.94499931,33.97500038,562.0322581,3dm_32_340_5723_1_nw.laz,2020-02,false,false,,,,,true,false,,,,,,,,false,true,2024/02/08 00:00:00,outlier / smoke,,,true,,,false,https://dme-3.github.io/Obstacles-Map/embeds/2.1.142-2D.html,https://dme-3.github.io/Obstacles-Map/embeds/2.1.142-3D.html
"4472",2.1.166,"3390",332174.442,5715434.21,115.0800008,51.56496869,6.578604683,139.96,24.87999916,60.00250061,55.07750023,1280.182891,3dm_32_332_5715_1_nw.laz,2020-03,false,false,,,,,true,false,,,,,,,,true,false,2024/02/08 00:00:00,,displaced,smoke stack displaced by 82 m,true,smoke stack,,false,https://dme-3.github.io/Obstacles-Map/embeds/2.1.166-2D.html,https://dme-3.github.io/Obstacles-Map/embeds/2.1.166-3D.html
"4477",2.1.171,"426",306233.16,5696464.42,114.5824998,51.38629402,6.215165048,143.53,28.94750023,60.01000015,54.57249962,1014.234742,3dm_32_306_5696_1_nw.laz,2020-02,false,false,,,,,false,false,,,,,,,,,,,,,,false,,,,,
"4497",2.1.191,"42",341474.93,5711092.55,111.5524997,51.52866147,6.714626202,140.42,28.86750031,62.01749878,49.53500092,1279.357143,3dm_32_341_5711_1_nw.laz,2020-03,false,false,,,,,true,false,,,,,,,,false,true,2024/02/08 00:00:00,outlier / smoke,,,true,,,false,https://dme-3.github.io/Obstacles-Map/embeds/2.1.191-2D.html,https://dme-3.github.io/Obstacles-Map/embeds/2.1.191-3D.html
"4500",2.1.194,"22",342692.711,5708357.722,111.3300005,51.50444879,6.733384783,140.64,29.30999947,102.1900001,9.140000458,1349.772727,3dm_32_342_5708_1_nw.laz,2020-03,false,false,,,,,true,false,,,,,,,,false,true,2024/02/08 00:00:00,outlier / smoke,,,true,,,false,https://dme-3.github.io/Obstacles-Map/embeds/2.1.194-2D.html,https://dme-3.github.io/Obstacles-Map/embeds/2.1.194-3D.html
"4508",2.1.202,"10367",374171.69,5697728.88,109.7999976,51.4167919,7.190473841,178.49,68.69000244,60.00000244,49.79999512,92.82019871,3dm_32_374_5697_1_nw.laz,2019-12,false,false,,,,,true,false,,,,,,,,true,false,2024/02/08 21:31:35,,missing,,true,electricity pylon,,false,https://dme-3.github.io/Obstacles-Map/embeds/2.1.202-2D.html,https://dme-3.github.io/Obstacles-Map/embeds/2.1.202-3D.html
"4509",2.1.203,"817",364336.2145,5711670.505,109.6174996,51.53978605,7.043773293,141.53,31.91250038,60.08749992,49.52999969,1318.893513,3dm_32_364_5711_1_nw.laz,2020-03,false,false,,,,,true,false,,,,,,,,true,false,2024/02/08 00:00:00,,missing,,true,smoke stack,,false,https://dme-3.github.io/Obstacles-Map/embeds/2.1.203-2D.html,https://dme-3.github.io/Obstacles-Map/embeds/2.1.203-3D.html
"4510",2.1.204,"14222",359071.4671,5709414.739,109.4050024,51.51828961,6.968736759,143.34,33.93499756,60.00750092,49.39750153,1247.643018,3dm_32_359_5709_1_nw.laz,2020-03,false,false,,,,,true,false,,,,,,,,true,false,2024/02/08 00:00:00,,missing,,true,building,,false,https://dme-3.github.io/Obstacles-Map/embeds/2.1.204-2D.html,https://dme-3.github.io/Obstacles-Map/embeds/2.1.204-3D.html
"4520",2.1.214,"904",376044.63,5710819.81,105.5600003,51.53483181,7.212805099,168.63,63.06999969,60.03999863,45.52000168,70.01327434,3dm_32_376_5710_1_nw.laz,2019-12,false,false,,,,,true,false,,,,,,,,false,true,2024/02/08 00:00:00,outlier / smoke,,,true,,,false,https://dme-3.github.io/Obstacles-Map/embeds/2.1.214-2D.html,https://dme-3.github.io/Obstacles-Map/embeds/2.1.214-3D.html
"4521",2.1.215,"73102",339392.0236,5716658.562,105.5350014,51.57807219,6.682087508,131.35,25.81499863,60.00000031,45.53500107,1221.380851,3dm_32_339_5716_1_nw.laz,2020-03,false,false,,,,,true,false,,,,,,,,true,false,2024/02/08 00:00:00,,missing,small chimney on building above 100 m,true,building,https://de.wikipedia.org/wiki/Kraftwerk_Voerde,false,https://dme-3.github.io/Obstacles-Map/embeds/2.1.215-2D.html,https://dme-3.github.io/Obstacles-Map/embeds/2.1.215-3D.html
"4523",2.1.217,"13356",359226.8618,5709185.356,104.3824976,51.51622539,6.971112037,137.76,33.37750244,60.00000092,44.38249664,516.565888,3dm_32_359_5709_1_nw.laz,2020-03,false,false,,,,,true,false,,,,,,,,true,false,2024/02/08 00:00:00,,missing,,true,electricity pylon,,false,https://dme-3.github.io/Obstacles-Map/embeds/2.1.217-2D.html,https://dme-3.github.io/Obstacles-Map/embeds/2.1.217-3D.html
"4525",2.1.219,"9454",343112.58,5708635.9,103.3500005,51.50704658,6.739309014,132.16,28.80999947,60.00000023,43.35000031,842.6207954,3dm_32_343_5708_1_nw.laz,2020-03,false,false,,,,,true,false,,,,,,,,false,true,2024/02/08 00:00:00,outlier / smoke,,,true,,,false,https://dme-3.github.io/Obstacles-Map/embeds/2.1.219-2D.html,https://dme-3.github.io/Obstacles-Map/embeds/2.1.219-3D.html
"4529",2.1.223,"14116",362169.3119,5702662.585,102.8450024,51.45833755,7.015917075,170.28,67.43499756,60.01250092,42.83250153,1153.792717,3dm_32_362_5702_1_nw.laz,2020-03,false,false,,,,,true,false,,,,,,,,true,false,2024/02/08 21:26:36,,missing,106 m according to OSINT,true,building,https://de.wikipedia.org/wiki/Rathaus_Essen,false,https://dme-3.github.io/Obstacles-Map/embeds/2.1.223-2D.html,https://dme-3.github.io/Obstacles-Map/embeds/2.1.223-3D.html
"4532",2.1.226,"3674",341277.8619,5693703.2,101.7700002,51.37237074,6.719597175,135.18,33.40999985,60.06000183,41.70999832,683.8652695,3dm_32_341_5693_1_nw.laz,2020-03,false,false,,,,,true,false,,,,,,,,true,false,2024/02/08 00:00:00,,missing,industrial system (Hochofen),true,other,"HKM Hochofen A - Steel fabricator
47259 Duisburg
https://www.google.com/maps/place/HKM+Hochofen+A/@51.3724087,6.7195723,15z/data=!4m2!3m1!1s0x47b8b9ade93da591:0xed449c59fc8793ce",false,https://dme-3.github.io/Obstacles-Map/embeds/2.1.226-2D.html,https://dme-3.github.io/Obstacles-Map/embeds/2.1.226-3D.html
"4533",2.1.227,"752",337519.2139,5703072.704,101.6499996,51.45549643,6.661355485,129.75,28.10000038,60.00000038,41.64999924,1105.446809,3dm_32_337_5703_1_nw.laz,2020-03,false,false,,,,,true,false,,,,,,,,true,false,2024/02/08 00:00:00,,missing,,true,smoke stack,,false,https://dme-3.github.io/Obstacles-Map/embeds/2.1.227-2D.html,https://dme-3.github.io/Obstacles-Map/embeds/2.1.227-3D.html
"4535",2.1.229,"5297",341408.2417,5693994.455,101.4349994,51.37500877,6.72133757,134.67,33.23500061,60.00749878,41.42750061,1100.256938,3dm_32_341_5693_1_nw.laz,2020-03,false,false,,,,,true,false,,,,,,,,false,true,2024/02/08 00:00:00,outlier / smoke,,,true,,,false,https://dme-3.github.io/Obstacles-Map/embeds/2.1.229-2D.html,https://dme-3.github.io/Obstacles-Map/embeds/2.1.229-3D.html
"4539",2.1.233,"365",372667.8718,5713401.079,100.8699989,51.55729893,7.163193643,147.25,46.38000107,60.14000183,40.7299971,138.4712329,3dm_32_372_5713_1_nw.laz,2019-12,false,false,,,,,true,false,,,,,,,,true,false,2024/02/08 00:00:00,,missing,,true,smoke stack,,false,https://dme-3.github.io/Obstacles-Map/embeds/2.1.233-2D.html,https://dme-3.github.io/Obstacles-Map/embeds/2.1.233-3D.html
"4542",2.1.236,"4214",338399.6408,5689564.208,100.7050005,51.33436949,6.68015633,133.56,32.85499954,60.00750122,40.69749924,1421.02729,3dm_32_338_5689_1_nw.laz,2020-03,false,false,,,,,true,false,,,,,,,,false,true,2024/02/08 00:00:00,temporary object (e.g. crane),,,true,,,false,https://dme-3.github.io/Obstacles-Map/embeds/2.1.236-2D.html,https://dme-3.github.io/Obstacles-Map/embeds/2.1.236-3D.html
"4543",2.1.237,"260",359380.1276,5709530.119,100.6324985,51.519346,6.973205588,135.22,34.58750153,60.01500061,40.61749786,793.6923077,3dm_32_359_5709_1_nw.laz,2020-03,false,false,,,,,true,false,,,,,,,,true,false,2024/02/08 00:00:00,,missing,,true,smoke stack,,false,https://dme-3.github.io/Obstacles-Map/embeds/2.1.237-2D.html,https://dme-3.github.io/Obstacles-Map/embeds/2.1.237-3D.html
"4544",2.1.238,"18439",358374.1971,5708763.756,100.4125015,51.5119374,6.95794001,133.95,33.53749847,60.00000015,40.41250137,621.3024025,3dm_32_358_5708_1_nw.laz,2020-03,false,false,,,,,true,false,,,,,,,,false,true,2024/02/08 00:00:00,outlier / smoke,,,true,,,false,https://dme-3.github.io/Obstacles-Map/embeds/2.1.238-2D.html,https://dme-3.github.io/Obstacles-Map/embeds/2.1.238-3D.html
"4547",2.1.241,"360",372728.9689,5713407.99,100.2799985,51.55737151,7.164084576,146.68,46.40000153,60.15999847,40.12,142.4805556,3dm_32_372_5713_1_nw.laz,2019-12,false,false,,,,,true,false,,,,,,,,true,false,2024/02/08 00:00:00,,missing,,true,building,,false,https://dme-3.github.io/Obstacles-Map/embeds/2.1.241-2D.html,https://dme-3.github.io/Obstacles-Map/embeds/2.1.241-3D.html
"4548",2.1.242,"185",359307.6519,5709496.545,100.2599985,51.51902835,6.972164255,134.91,34.65000153,60.37249893,39.88749954,981.4162162,3dm_32_359_5709_1_nw.laz,2020-03,false,false,,,,,true,false,,,,,,,,true,false,2024/02/08 00:00:00,,missing,,true,smoke stack,,false,https://dme-3.github.io/Obstacles-Map/embeds/2.1.242-2D.html,https://dme-3.github.io/Obstacles-Map/embeds/2.1.242-3D.html
"4549",2.1.243,"65",359452.126,5709564.094,100.2325006,51.51969472,6.974223934,134.81,34.57749939,62.64499878,37.58750183,923.5538462,3dm_32_359_5709_1_nw.laz,2020-03,false,false,,,,,true,false,,,,,,,,true,false,2024/02/08 00:00:00,,missing,,true,smoke stack,https://de.wikipedia.org/wiki/Kokerei_Prosper,false,https://dme-3.github.io/Obstacles-Map/embeds/2.1.243-2D.html,https://dme-3.github.io/Obstacles-Map/embeds/2.1.243-3D.html
"4550",2.1.244,"15313",357996.074,5708570.315,100.2000005,51.51039532,6.95365543,133.93,33.72999954,60.00000107,40.19999939,613.6406321,3dm_32_357_5708_1_nw.laz,2020-03,false,false,,,,,true,false,,,,,,,,true,false,2024/02/08 00:00:00,,missing,,true,electricity pylon,,false,https://dme-3.github.io/Obstacles-Map/embeds/2.1.244-2D.html,https://dme-3.github.io/Obstacles-Map/embeds/2.1.244-3D.html
"4551",2.1.245,"433",361051.7165,5701713.227,100.1100015,51.44954398,7.000357974,185.46,85.34999847,60.185,39.92500153,1051.143187,3dm_32_361_5701_1_nw.laz,2020-03,false,false,,,,,true,false,,,,,,,,true,false,2024/02/08 00:00:00,,missing,,true,smoke stack,,false,https://dme-3.github.io/Obstacles-Map/embeds/2.1.245-2D.html,https://dme-3.github.io/Obstacles-Map/embeds/2.1.245-3D.html
"5433",2.2.180,"599",313832.65,5750127.4,138.0299995,51.87081745,6.295727001,153.3,15.27000046,60.02999958,77.99999996,36548.28381,3dm_32_313_5750_1_nw.laz,2020-01,false,false,,,,,false,false,,,,,,,,,,,,,,false,,,,,
"5436",2.2.183,"688",314302.93,5749138.71,137.1199998,51.86209457,6.30308161,151.46,14.34000015,60.14000019,76.97999966,35123.96221,3dm_32_314_5749_1_nw.laz,2020-01,false,false,,,,,false,false,,,,,,,,,,,,,,false,,,,,
"5454",2.2.201,"747",314178.262,5749699.166,134.5300003,51.86708796,6.300977302,148.85,14.31999969,60.03000031,74.5,34769.76037,3dm_32_314_5749_1_nw.laz,2020-01,false,false,,,,,false,false,,,,,,,,,,,,,,false,,,,,
"5495",2.2.242,"347",314306.5175,5749446.223,129.5300003,51.86486253,6.302988596,143.89,14.35999966,62.53999996,66.99000038,30308.80115,3dm_32_314_5749_1_nw.laz,2020-01,false,false,,,,,false,false,,,,,,,,,,,,,,false,,,,,
"5554",2.2.301,"831",314283.2917,5748838.503,120.7449999,51.85939124,6.302946184,134.79,14.04500008,60.23250031,60.51249962,40729.6426,3dm_32_314_5748_1_nw.laz,2020-01,false,false,,,,,false,false,,,,,,,,,,,,,,false,,,,,
"5568",2.2.315,"349",314063.25,5749929.51,117.7900001,51.86910258,6.298889239,132.91,15.11999989,65.58999969,52.20000042,35045.54155,3dm_32_314_5749_1_nw.laz,2020-01,false,false,,,,,false,false,,,,,,,,,,,,,,false,,,,,
"5637",2.2.384,"2793",307877.6523,5745766.838,102.0124998,51.83095925,6.211894279,116.96,14.94750023,60.00750034,42.00499943,7530.54744,3dm_32_307_5745_1_nw.laz,2020-01,false,false,,,,,true,false,,,,,,,,false,true,2024/02/08 00:00:00,outlier / smoke,,,true,,,false,https://dme-3.github.io/Obstacles-Map/embeds/2.2.384-2D.html,https://dme-3.github.io/Obstacles-Map/embeds/2.2.384-3D.html
"5641",2.2.388,"372",315482.6296,5738190.81,101.0274988,51.76416822,6.325997258,121.56,20.53250122,60.40749901,40.61999977,20813.07796,3dm_32_315_5738_1_nw.laz,2020-01,false,false,,,,,true,false,,,,,,,,true,false,,,missing,sign on Wunderland Kalkar,true,other,https://de.wikipedia.org/wiki/Wunderland_Kalkar,false,https://dme-3.github.io/Obstacles-Map/embeds/2.2.388-2D.html,https://dme-3.github.io/Obstacles-Map/embeds/2.2.388-3D.html
"7671",3.2.100,"851",464931.402,5782450.778,140.8674988,52.19140394,8.486985002,207.4,66.53250122,60.00750244,80.85999634,41062.9436,3dm_32_464_5782_1_nw.laz,2023-02,false,false,,,,,false,false,,,,,,,,,,,,,,false,,,,,
"7672",3.2.101,"1120",432384.77,5775784.34,140.8200021,52.12844366,8.01223948,219.81,78.98999786,60.04000031,80.78000183,96.10535714,3dm_32_432_5775_1_nw.laz,2019-02,false,false,,,,,false,false,,,,,,,,,,,,,,false,,,,,
"7673",3.2.102,"1044",433463.1,5774260.66,140.4599994,52.11487745,8.028287793,215.07,74.61000061,60.06000122,80.39999817,163.2193487,3dm_32_433_5774_1_nw.laz,2019-02,false,false,,,,,false,false,,,,,,,,,,,,,,false,,,,,
"7675",3.2.104,"483",454132.91,5805567.62,140.0025009,52.39842639,8.325870652,184.15,44.14749908,61.05000031,78.95250061,38354.15942,3dm_32_454_5805_1_nw.laz,2023-02,false,false,,,,,false,false,,,,,,,,,,,,,,false,,,,,
"7678",3.2.107,"126",401171.305,5786326.125,138.9100002,52.21848954,7.553313436,181.82,42.90999985,60.40999878,78.50000137,36.9047619,3dm_32_401_5786_1_nw.laz,2019-02,false,false,,,,,true,false,,,,,,,,false,true,2024/02/08 00:00:00,temporary object (e.g. crane),,,true,,,false,https://dme-3.github.io/Obstacles-Map/embeds/3.2.107-2D.html,https://dme-3.github.io/Obstacles-Map/embeds/3.2.107-3D.html
"7683",3.2.112,"885",430326.84,5774201.92,137.8200006,52.11396312,7.982505173,211.46,73.63999939,60.02999634,77.79000427,174.3242938,3dm_32_430_5774_1_nw.laz,2019-02,false,false,,,,,false,false,,,,,,,,,,,,,,false,,,,,
"7689",3.2.118,"509",455719.265,5805159.155,136.7125005,52.39488292,8.349238637,180.88,44.16749954,60.22500046,76.4875,35707.46365,3dm_32_455_5805_1_nw.laz,2023-02,false,false,,,,,false,false,,,,,,,,,,,,,,false,,,,,
"7694",3.2.123,"56",465746.65,5793243.17,135.8724945,52.28847861,8.497811596,264.05,128.1775055,100.0900012,35.78249329,26595.80357,3dm_32_465_5793_1_nw.laz,2023-02,false,false,,,,,true,false,,,,,,,,false,true,2024/02/08 00:00:00,outlier / smoke,,,true,,,false,https://dme-3.github.io/Obstacles-Map/embeds/3.2.123-2D.html,https://dme-3.github.io/Obstacles-Map/embeds/3.2.123-3D.html
"7704",3.2.133,"48",467284.93,5792824.945,135.0574982,52.28480922,8.520401295,239.7,104.6425018,99.00750031,36.04999786,35574.14583,3dm_32_467_5792_1_nw.laz,2023-02,false,false,,,,,true,false,,,,,,,,false,true,2024/02/08 00:00:00,outlier / smoke,,,true,,,false,https://dme-3.github.io/Obstacles-Map/embeds/3.2.133-2D.html,https://dme-3.github.io/Obstacles-Map/embeds/3.2.133-3D.html
"7724",3.2.153,"36",460687.315,5776530.568,130.8900037,52.13788445,8.425594057,230.48,99.58999634,97.01999908,33.87000458,27737.75,3dm_32_460_5776_1_nw.laz,2023-02,false,false,,,,,true,false,,,,,,,,false,true,2024/02/08 00:00:00,outlier / smoke,,,true,,,false,https://dme-3.github.io/Obstacles-Map/embeds/3.2.153-2D.html,https://dme-3.github.io/Obstacles-Map/embeds/3.2.153-3D.html
"7735",3.2.164,"583",455288.1,5805158.905,128.1174994,52.39484985,8.342902615,172.79,44.67250061,60.00500031,68.11249908,34519.44768,3dm_32_455_5805_1_nw.laz,2023-02,false,false,,,,,false,false,,,,,,,,,,,,,,false,,,,,
"7740",3.2.169,"202",454450.5573,5805442.109,126.8875011,52.39733879,8.330580797,171.07,44.18249893,110.3399994,16.54750168,22912.97525,3dm_32_454_5805_1_nw.laz,2023-02,false,false,,,,,false,false,,,,,,,,,,,,,,false,,,,,
"7760",3.2.189,"63",402603.77,5734424.39,123.3100027,51.75224233,7.589017976,196.94,73.62999725,75.93999969,47.37000305,10.31746032,3dm_32_402_5734_1_nw.laz,2018-11,false,false,,,,,true,false,,,,,,,,false,true,2024/02/08 00:00:00,outlier / smoke,,,true,,,false,https://dme-3.github.io/Obstacles-Map/embeds/3.2.189-2D.html,https://dme-3.github.io/Obstacles-Map/embeds/3.2.189-3D.html
"7779",3.2.208,"7034",429274.4895,5726388.058,120.4300018,51.68425236,7.977050885,183.35,62.91999817,60.00999863,60.4200032,220.0719363,3dm_32_429_5726_1_nw.laz,2018-02,false,false,,,,,true,false,,,,,,,,false,true,2024/02/08 00:00:00,destroyed,,,true,,,false,https://dme-3.github.io/Obstacles-Map/embeds/3.2.208-2D.html,https://dme-3.github.io/Obstacles-Map/embeds/3.2.208-3D.html
"7798",3.2.227,"46",403126.02,5734449.07,118.1400003,51.75255473,7.596574495,202.21,84.06999969,72.77000183,45.36999847,13.73913043,3dm_32_403_5734_1_nw.laz,2018-11,false,false,,,,,true,false,,,,,,,,false,true,2024/02/08 00:00:00,outlier / smoke,,,true,,,false,https://dme-3.github.io/Obstacles-Map/embeds/3.2.227-2D.html,https://dme-3.github.io/Obstacles-Map/embeds/3.2.227-3D.html
"7833",3.2.262,"5732",424096.7232,5780996.983,111.8299985,52.17421264,7.890021667,193.48,81.65000153,60.01000122,51.81999725,142.0922889,3dm_32_424_5780_1_nw.laz,2019-02,false,false,,,,,true,false,,,,,,,,true,false,2024/02/08 00:00:00,,missing,,true,building,,false,https://dme-3.github.io/Obstacles-Map/embeds/3.2.262-2D.html,https://dme-3.github.io/Obstacles-Map/embeds/3.2.262-3D.html
"7838",3.2.267,"586",424097.2725,5781000.45,111.1899982,52.17425519,7.890004961,193.02,81.83000183,60.01999908,51.16999908,150.3481229,3dm_32_424_5781_1_nw.laz,2019-02,false,false,,,,,true,false,,,,,,,,true,false,2024/02/08 00:00:00,,missing,,true,building,,true,https://dme-3.github.io/Obstacles-Map/embeds/3.2.267-2D.html,https://dme-3.github.io/Obstacles-Map/embeds/3.2.267-3D.html
"7839",3.2.268,"25",464254.27,5791321.63,111.1199927,52.27111261,8.476145271,261.19,150.0700073,101.7824927,9.3375,30106.28,3dm_32_464_5791_1_nw.laz,2023-02,false,false,,,,,true,false,,,,,,,,false,true,2024/02/08 00:00:00,outlier / smoke,,,true,,,false,https://dme-3.github.io/Obstacles-Map/embeds/3.2.268-2D.html,https://dme-3.github.io/Obstacles-Map/embeds/3.2.268-3D.html
"7842",3.2.271,"40",464324.3383,5800665.907,110.8224994,52.35511635,8.47615619,157.62,46.79750061,99.49749832,11.32500107,22102.9,3dm_32_464_5800_1_nw.laz,2023-02,false,false,,,,,true,false,,,,,,,,false,true,2024/02/08 00:00:00,outlier / smoke,,,true,,,false,https://dme-3.github.io/Obstacles-Map/embeds/3.2.271-2D.html,https://dme-3.github.io/Obstacles-Map/embeds/3.2.271-3D.html
"7849",3.2.278,"139",454823.8367,5805383.905,108.8350012,52.39682662,8.336020591,151.24,42.40499878,97.90749924,10.92750198,43995.34532,3dm_32_454_5805_1_nw.laz,2023-02,false,false,,,,,false,false,,,,,,,,,,,,,,false,,,,,
"7856",3.2.285,"109",461207.1403,5772309.538,107.9474963,52.099969,8.433645691,224.67,116.7225037,97.63749512,10.31000122,42129.6789,3dm_32_461_5772_1_nw.laz,2023-02,false,false,,,,,true,false,,,,,,,,false,true,2024/02/08 00:00:00,outlier / smoke,,,true,,,false,https://dme-3.github.io/Obstacles-Map/embeds/3.2.285-2D.html,https://dme-3.github.io/Obstacles-Map/embeds/3.2.285-3D.html
"7857",3.2.286,"27",450896.9262,5775636.265,107.5875,52.1290718,8.282674748,267.15,159.5625,99.18749817,8.400001831,36863.37037,3dm_32_450_5775_1_nw.laz,2023-02,false,false,,,,,true,false,,,,,,,,false,true,2024/02/08 00:00:00,outlier / smoke,,,true,,,false,https://dme-3.github.io/Obstacles-Map/embeds/3.2.286-2D.html,https://dme-3.github.io/Obstacles-Map/embeds/3.2.286-3D.html
"7858",3.2.287,"30",463243.635,5811744.722,107.5799997,52.45465056,8.459087503,233.01,125.4300003,99.04500031,8.53499939,32898.8,3dm_32_463_5811_1_nw.laz,2023-03,false,false,,,,,true,false,,,,,,,,false,true,2024/02/08 00:00:00,outlier / smoke,,,true,,,false,https://dme-3.github.io/Obstacles-Map/embeds/3.2.287-2D.html,https://dme-3.github.io/Obstacles-Map/embeds/3.2.287-3D.html
"7859",3.2.288,"21",464530.1545,5800658.925,107.5450027,52.35507244,8.479198761,154.3,46.75499725,99.09749924,8.44750351,44256.47619,3dm_32_464_5800_1_nw.laz,2023-02,false,false,,,,,true,false,,,,,,,,false,true,2024/02/08 00:00:00,outlier / smoke,,,true,,,false,https://dme-3.github.io/Obstacles-Map/embeds/3.2.288-2D.html,https://dme-3.github.io/Obstacles-Map/embeds/3.2.288-3D.html
"7862",3.2.291,"307",464272.8435,5800854.595,107.3300018,52.35673483,8.475511381,153.5,46.16999817,98.81249969,8.517502136,41955.78502,3dm_32_464_5800_1_nw.laz,2023-02,false,false,,,,,true,false,,,,,,,,false,true,2024/02/08 00:00:00,outlier / smoke,,,true,,,false,https://dme-3.github.io/Obstacles-Map/embeds/3.2.291-2D.html,https://dme-3.github.io/Obstacles-Map/embeds/3.2.291-3D.html
"7863",3.2.292,"29",446761.5736,5770596.159,107.2650055,52.08338096,8.223052019,198.4,91.13499451,98.83749786,8.427507629,39377,3dm_32_446_5770_1_nw.laz,2023-02,false,false,,,,,true,false,,,,,,,,false,true,2024/02/08 22:02:20,outlier / smoke,,,true,,,false,https://dme-3.github.io/Obstacles-Map/embeds/3.2.292-2D.html,https://dme-3.github.io/Obstacles-Map/embeds/3.2.292-3D.html
"7867",3.2.296,"141",454982.3113,5806176.864,106.7449985,52.40397631,8.338362039,151.02,44.27500153,97.85000076,8.894997711,41326.49645,3dm_32_454_5806_1_nw.laz,2023-02,false,false,,,,,true,false,,,,,,,,false,true,2024/02/08 00:00:00,outlier / smoke,,,true,,,false,https://dme-3.github.io/Obstacles-Map/embeds/3.2.296-2D.html,https://dme-3.github.io/Obstacles-Map/embeds/3.2.296-3D.html
"7871",3.2.300,"162",455018.1496,5806149.769,106.2400011,52.40383576,8.338822175,150.61,44.36999893,97.59499954,8.645001526,43847.11728,3dm_32_455_5806_1_nw.laz,2023-02,false,false,,,,,true,false,,,,,,,,false,true,2024/02/08 00:00:00,outlier / smoke,,,true,,,false,https://dme-3.github.io/Obstacles-Map/embeds/3.2.300-2D.html,https://dme-3.github.io/Obstacles-Map/embeds/3.2.300-3D.html
"7875",3.2.304,"273",465316.1734,5782320.988,105.9049985,52.18995215,8.492775501,171.68,65.77500153,97.07749908,8.82749939,44717.83883,3dm_32_465_5782_1_nw.laz,2023-02,false,false,,,,,false,false,,,,,,,,,,,,,,false,,,,,
"7884",3.2.313,"24",459146.4655,5802666.965,104.7750002,52.37276019,8.39991473,152.81,48.03499985,95.85999786,8.915002289,29154.375,3dm_32_459_5802_1_nw.laz,2023-03,false,false,,,,,false,false,,,,,,,,,,,,,,false,,,,,
"7887",3.2.316,"9358",403432.9023,5757594.594,102.5500015,51.96052385,7.59445763,167.65,65.09999847,60.29999969,42.25000183,340.5279974,3dm_32_403_5757_1_nw.laz,2018-12,false,false,,,,,true,false,,,,,,,,false,true,2024/02/08 00:00:00,temporary object (e.g. crane),,,true,,,false,https://dme-3.github.io/Obstacles-Map/embeds/3.2.316-2D.html,https://dme-3.github.io/Obstacles-Map/embeds/3.2.316-3D.html
"8558",3.3.102,"922",494873.214,5806233.004,144.7224995,52.40630213,8.924634505,195.93,51.20750046,60.48750061,84.23499893,41509.03362,3dm_32_494_5806_1_nw.laz,2023-02,false,false,,,,,false,false,,,,,,,,,,,,,,false,,,,,
"8576",3.3.120,"599",495051.08,5806063.49,138.9699979,52.40478405,8.927253453,191.48,52.51000214,60.52999817,78.43999969,36347.3005,3dm_32_495_5806_1_nw.laz,2023-02,false,false,,,,,false,false,,,,,,,,,,,,,,false,,,,,
"8585",3.3.129,"362",495853.0434,5799516.969,134.7950012,52.34595552,8.939115893,185.2,50.40499878,96.42749893,38.36750229,28567.68508,3dm_32_495_5799_1_nw.laz,2023-02,false,false,,,,,true,false,,,,,,,,false,true,2024/02/08 00:00:00,outlier / smoke,,,true,,,false,https://dme-3.github.io/Obstacles-Map/embeds/3.3.129-2D.html,https://dme-3.github.io/Obstacles-Map/embeds/3.3.129-3D.html
"8587",3.3.131,"48",488445.2325,5772730.528,134.3025079,52.10500702,8.831298178,339.31,205.0074921,99.06249878,35.24000916,26350.04167,3dm_32_488_5772_1_nw.laz,2023-02,false,false,,,,,true,false,,,,,,,,false,true,2024/02/08 00:00:00,outlier / smoke,,,true,,,false,https://dme-3.github.io/Obstacles-Map/embeds/3.3.131-2D.html,https://dme-3.github.io/Obstacles-Map/embeds/3.3.131-3D.html
"8590",3.3.134,"976",495338.59,5806255.22,134.0999985,52.40651173,8.93147673,185.5,51.40000153,60.73999969,73.35999878,41614.21721,3dm_32_495_5806_1_nw.laz,2023-02,false,false,,,,,false,false,,,,,,,,,,,,,,false,,,,,
"8591",3.3.135,"85",480051.1917,5793752.738,134.0600043,52.29376712,8.707508579,302.04,167.9799957,95.48999573,38.57000854,24976.54118,3dm_32_480_5793_1_nw.laz,2023-02,false,false,,,,,true,false,,,,,,,,false,true,2024/02/08 00:00:00,outlier / smoke,,,true,,,false,https://dme-3.github.io/Obstacles-Map/embeds/3.3.135-2D.html,https://dme-3.github.io/Obstacles-Map/embeds/3.3.135-3D.html
"8609",3.3.153,"779",494856.67,5805806.57,130.3374998,52.40247605,8.924396438,180.99,50.65250015,60.05249893,70.28500092,41489.49037,3dm_32_494_5805_1_nw.laz,2023-02,false,false,,,,,false,false,,,,,,,,,,,,,,false,,,,,
"8629",3.3.173,"122",495940.4167,5778423.573,122.4775049,52.15629321,8.940661474,228.16,105.6824951,87.87,34.60750488,28965.46721,3dm_32_495_5778_1_nw.laz,2023-02,false,false,,,,,true,false,,,,,,,,false,true,2024/02/08 00:00:00,outlier / smoke,,,true,,,false,https://dme-3.github.io/Obstacles-Map/embeds/3.3.173-2D.html,https://dme-3.github.io/Obstacles-Map/embeds/3.3.173-3D.html
"8671",3.3.215,"68",489280.0521,5770901.514,109.2924902,52.08855908,8.843591999,314.74,205.4475098,99.83750366,9.454986572,42939.67647,3dm_32_489_5770_1_nw.laz,2023-02,false,false,,,,,true,false,,,,,,,,false,true,2024/02/08 00:00:00,outlier / smoke,,,true,,,false,https://dme-3.github.io/Obstacles-Map/embeds/3.3.215-2D.html,https://dme-3.github.io/Obstacles-Map/embeds/3.3.215-3D.html
"8677",3.3.221,"76",503506.9422,5816717.856,107.4700031,52.50047971,9.051860773,140.17,32.69999695,98.84249786,8.627505188,44877.51316,3dm_32_503_5816_1_nw.laz,2023-03,false,false,,,,,false,false,,,,,,,,,,,,,,false,,,,,
"8682",3.3.226,"39",509045.1029,5812810.225,105.0899986,52.4654001,9.133107275,146.65,41.56000137,96.78499908,8.304999542,45410.25641,3dm_32_509_5812_1_nw.laz,2023-03,false,false,,,,,false,false,,,,,,,,,,,,,,false,,,,,
"8683",3.3.227,"408",531881.0117,5741561.744,105.0300015,51.82396739,9.462580907,211.13,106.0999985,60.05999817,44.97000336,91.15196078,3dm_32_531_5741_1_nw.laz,2018-03,false,false,,,,,false,false,,,,,,,,,,,,,,false,,,,,
"9166",3.4.110,"581",523729.92,5710700.4,167.8250146,51.5468937,9.342218411,428.56,260.7349854,128.2850049,39.54000977,1471.380379,3dm_32_523_5710_1_nw.laz,2023-03,false,false,,,,,false,false,,,,,,,,,,,,,,false,,,,,
"9208",3.4.152,"970",495990.4943,5695368.776,162.4475024,51.40952918,8.942348019,504.32,341.8724976,60.09000732,102.3574951,159.4237113,3dm_32_495_5695_1_nw.laz,2021-03,false,false,,,,,false,false,,,,,,,,,,,,,,false,,,,,
"9226",3.4.170,"1315",494640.67,5697702.313,159.5299951,51.43049204,8.922907174,523.16,363.6300049,60.41500244,99.11499268,140.7680608,3dm_32_494_5697_1_nw.laz,2021-02,false,false,,,,,false,false,,,,,,,,,,,,,,false,,,,,
"9236",3.4.180,"605",524199.2671,5712860.771,159.1550061,51.56630237,9.349133952,461.43,302.2749939,106.6524976,52.50250854,1466.504132,3dm_32_524_5712_1_nw.laz,2023-03,false,false,,,,,false,false,,,,,,,,,,,,,,false,,,,,
"9246",3.4.190,"934",524557.47,5713160.615,156.5774841,51.56898206,9.35432505,447.25,290.6725159,60.14000122,96.43748291,1270.298715,3dm_32_524_5713_1_nw.laz,2023-03,false,false,,,,,false,false,,,,,,,,,,,,,,false,,,,,
"9251",3.4.195,"709",524633.5511,5713804.065,156.1700134,51.57470324,9.355465508,458.5,302.3299866,130.8150037,25.35500977,1563.54866,3dm_32_524_5713_1_nw.laz,2023-03,false,false,,,,,false,false,,,,,,,,,,,,,,false,,,,,
"9287",3.4.231,"1537",494812.1748,5699399.041,153.775022,51.44577405,8.925340612,520.69,366.914978,60.05501709,93.72000488,147.8327912,3dm_32_494_5699_1_nw.laz,2021-02,false,false,,,,,false,false,,,,,,,,,,,,,,false,,,,,
"9295",3.4.239,"1467",494614.0738,5698921.973,152.9124963,51.44147098,8.922511578,490.26,337.3475037,60.01001221,92.90248413,139.9706885,3dm_32_494_5698_1_nw.laz,2021-02,false,false,,,,,false,false,,,,,,,,,,,,,,false,,,,,
"9299",3.4.243,"448",487178.4923,5692702.705,152.6299878,51.38543136,8.815751627,581.58,428.9500122,60.00998779,92.62,130.7075893,3dm_32_487_5692_1_nw.laz,2021-03,false,false,,,,,false,false,,,,,,,,,,,,,,false,,,,,
"9303",3.4.247,"542",487233.8,5692473.15,152.4674902,51.38335827,8.816550586,566.54,414.0725098,60.01250488,92.45498535,136.5479705,3dm_32_487_5692_1_nw.laz,2021-03,false,false,,,,,false,false,,,,,,,,,,,,,,false,,,,,
"9330",3.4.274,"854",487242.85,5692968.61,150.3675171,51.38781412,8.816661105,587.35,436.9824829,60.0699939,90.29752319,137.1112412,3dm_32_487_5692_1_nw.laz,2021-03,false,false,,,,,false,false,,,,,,,,,,,,,,false,,,,,
"9340",3.4.284,"1718",495441.74,5699159.44,149.4374902,51.44359375,8.934417904,489.76,340.3225098,60.1149707,89.32251953,143.5069849,3dm_32_495_5699_1_nw.laz,2021-02,false,false,,,,,false,false,,,,,,,,,,,,,,false,,,,,
"9341",3.4.285,"1107",488673.1878,5690232.87,149.3100146,51.3632452,8.837307274,610.92,461.6099854,60.04749512,89.26251953,164.0885276,3dm_32_488_5690_1_nw.laz,2021-03,false,false,,,,,false,false,,,,,,,,,,,,,,false,,,,,
"9347",3.4.291,"629",487238.085,5692220.535,148.3449963,51.38108568,8.816621315,551.38,403.0350037,60.13999146,88.20500488,139.1399046,3dm_32_487_5692_1_nw.laz,2021-03,false,false,,,,,false,false,,,,,,,,,,,,,,false,,,,,
"9353",3.4.297,"1173",524180.4313,5713544.122,147.7124854,51.57242139,9.348914601,447.79,300.0775146,60.27,87.44248535,1264.597613,3dm_32_524_5713_1_nw.laz,2023-03,false,false,,,,,false,false,,,,,,,,,,,,,,false,,,,,
"9362",3.4.306,"622",487652.6543,5692240.196,146.4425037,51.38125875,8.822565052,584.97,438.5274963,60.36749756,86.0750061,153.7138264,3dm_32_487_5692_1_nw.laz,2021-03,false,false,,,,,false,false,,,,,,,,,,,,,,false,,,,,
"9363",3.4.307,"270",487999.015,5692363.499,146.2349915,51.38238333,8.82753619,580.9,434.6650085,60.16001343,86.07497803,138.0185185,3dm_32_487_5692_1_nw.laz,2021-03,false,false,,,,,false,false,,,,,,,,,,,,,,false,,,,,
"9375",3.4.319,"550",487712.4515,5692497.79,144.467511,51.38364911,8.82348397,587.05,442.582489,60.0574939,84.41001709,131.2872727,3dm_32_487_5692_1_nw.laz,2021-03,false,false,,,,,false,false,,,,,,,,,,,,,,false,,,,,
"9376",3.4.320,"679",496302.2533,5694622.34,144.4450146,51.40280763,8.946839345,495.43,350.9849854,60.06500977,84.38000488,157.5051546,3dm_32_496_5694_1_nw.laz,2021-03,false,false,,,,,false,false,,,,,,,,,,,,,,false,,,,,
"9380",3.4.324,"969",494657.727,5699937.105,143.630022,51.4505675,8.923123341,461.92,318.289978,60.11501953,83.51500244,148.2672859,3dm_32_494_5699_1_nw.laz,2021-02,false,false,,,,,false,false,,,,,,,,,,,,,,false,,,,,
"9382",3.4.326,"1371",524904.9673,5713425.712,143.0499988,51.57130043,9.359334555,436.52,293.4700012,60.10500854,82.94499023,1209.041575,3dm_32_524_5713_1_nw.laz,2023-03,false,false,,,,,false,false,,,,,,,,,,,,,,false,,,,,
"9383",3.4.327,"644",523923.374,5713125.381,142.7999939,51.56867013,9.345185451,453.9,311.1000061,60.47748535,82.32250854,1380.169255,3dm_32_523_5713_1_nw.laz,2023-03,false,false,,,,,false,false,,,,,,,,,,,,,,false,,,,,
"9387",3.4.331,"1247",496082.245,5695074.475,141.0724927,51.40686967,8.943672925,484.58,343.5075073,60.20250122,80.86999146,163.4410585,3dm_32_496_5695_1_nw.laz,2021-03,false,false,,,,,false,false,,,,,,,,,,,,,,false,,,,,
"9389",3.4.333,"2348",499781.18,5718987.277,138.7175098,51.62191108,8.996832034,555.77,417.0524902,64.56752197,74.14998779,1233.844123,3dm_32_499_5718_1_nw.laz,2023-03,false,false,,,,,true,false,NORDRHEIN-WESTFALEN 147-10,,,,,,,true,false,,,displaced,antenna displaced by 58 m and AIP height and elevation underestimated,true,antenna,https://de.wikipedia.org/wiki/Fernmeldeturm_Willebadessen,false,https://dme-3.github.io/Obstacles-Map/embeds/3.4.333-2D.html,https://dme-3.github.io/Obstacles-Map/embeds/3.4.333-3D.html
"9393",3.4.337,"781",494467.594,5698325.573,136.7474963,51.43608482,8.920405449,503.97,367.2225037,60.90249268,75.84500366,145.8015365,3dm_32_494_5698_1_nw.laz,2021-02,false,false,,,,,false,false,,,,,,,,,,,,,,false,,,,,
"9394",3.4.338,"1270",496239.9188,5694842.62,135.9799976,51.40479978,8.946059978,483.92,347.9400024,60.66501221,75.31498535,194.180315,3dm_32_496_5694_1_nw.laz,2021-03,false,false,,,,,false,false,,,,,,,,,,,,,,false,,,,,
"9397",3.4.341,"1209",491781.3,5690820.39,135.0224963,51.3685809,8.881935892,530.87,395.8475037,60.29750732,74.72498901,187.0843672,3dm_32_491_5690_1_nw.laz,2021-03,false,false,,,,,false,false,,,,,,,,,,,,,,false,,,,,
"9403",3.4.347,"759",488384.12,5690519.61,132.9450146,51.36581698,8.833144394,587.43,454.4849854,60.06249268,72.88252197,149.4176548,3dm_32_488_5690_1_nw.laz,2021-03,false,false,,,,,false,false,,,,,,,,,,,,,,false,,,,,
"9406",3.4.350,"1604",494442.0433,5699477.773,131.3650049,51.44646022,8.92002105,495.61,364.2449951,60.28749878,71.0775061,158.6683292,3dm_32_494_5699_1_nw.laz,2021-02,false,false,,,,,false,false,,,,,,,,,,,,,,false,,,,,
"9409",3.4.353,"857",496037.63,5694572.385,130.8925098,51.40237118,8.94304203,509.57,378.6774902,60.24752197,70.64498779,157.1750292,3dm_32_496_5694_1_nw.laz,2021-03,false,false,,,,,false,false,,,,,,,,,,,,,,false,,,,,
"9411",3.4.355,"580",515391.175,5702540.645,130.8524994,51.47381727,9.221607676,384.65,253.7975006,60.00750183,70.84499756,1241.260345,3dm_32_515_5702_1_nw.laz,2023-03,false,false,,,,,false,false,,,,,,,,,,,,,,false,,,,,
"9413",3.4.357,"983",494495.21,5698628.7,130.0675012,51.43882498,8.920800798,505.16,375.0924988,60.81999023,69.24751099,148.5005086,3dm_32_494_5698_1_nw.laz,2021-02,false,false,,,,,false,false,,,,,,,,,,,,,,false,,,,,
"9415",3.4.359,"902",491897.376,5690444.036,129.8674854,51.36520314,8.883618156,551.82,421.9525146,60.22249756,69.64498779,179.6274945,3dm_32_491_5690_1_nw.laz,2021-03,false,false,,,,,false,false,,,,,,,,,,,,,,false,,,,,
"9423",3.4.367,"733",490698.78,5691585.15,127.8474841,51.37544237,8.866367341,536.77,408.9225159,60.32000488,67.52747925,159.7612551,3dm_32_490_5691_1_nw.laz,2021-03,false,false,,,,,false,false,,,,,,,,,,,,,,false,,,,,
"9429",3.4.373,"1382",494851.3675,5698707.975,127.4699841,51.43953275,8.925924995,485.08,357.6100159,60.02000732,67.44997681,169.0390738,3dm_32_494_5698_1_nw.laz,2021-02,false,false,,,,,false,false,,,,,,,,,,,,,,false,,,,,
"9431",3.4.375,"797",490449.82,5691146.15,127.437478,51.371488,8.862797785,552.96,425.522522,60.04499268,67.39248535,156.5545797,3dm_32_490_5691_1_nw.laz,2021-03,false,false,,,,,false,false,,,,,,,,,,,,,,false,,,,,
"9433",3.4.377,"909",494200.145,5700628.788,126.9950146,51.45680645,8.91652577,487.98,360.9849854,60.38001465,66.615,156.2486249,3dm_32_494_5700_1_nw.laz,2021-02,false,false,,,,,false,false,,,,,,,,,,,,,,false,,,,,
"9435",3.4.379,"778",490348.325,5691375.6,126.4150146,51.37354984,8.861333242,550.15,423.7349854,60.09499878,66.32001587,153.5899743,3dm_32_490_5691_1_nw.laz,2021-03,false,false,,,,,false,false,,,,,,,,,,,,,,false,,,,,
"9440",3.4.384,"606",488897.29,5690521.53,125.7850195,51.36584397,8.840513549,582.39,456.6049805,60.20000122,65.58501831,149.6749175,3dm_32_488_5690_1_nw.laz,2021-03,false,false,,,,,false,false,,,,,,,,,,,,,,false,,,,,
"9445",3.4.389,"615",515658.1114,5702457.661,124.5649829,51.47307291,9.225438,381.02,256.4550171,60.25001709,64.31496582,1279.24065,3dm_32_515_5702_1_nw.laz,2023-03,false,false,,,,,false,false,,,,,,,,,,,,,,false,,,,,
"9452",3.4.396,"677",490119.51,5690983.085,124.1074988,51.37002343,8.858065484,563.14,439.0325012,60.03250122,64.07499756,161.4268833,3dm_32_490_5690_1_nw.laz,2021-03,false,false,,,,,false,false,,,,,,,,,,,,,,false,,,,,
"9457",3.4.401,"922",491858.3475,5690131.385,122.9424902,51.36238514,8.88305895,547.14,424.1975098,60.10502197,62.83746826,175.0509761,3dm_32_491_5690_1_nw.laz,2021-03,false,false,,,,,false,false,,,,,,,,,,,,,,false,,,,,
"9458",3.4.402,"780",495036.2517,5697725.028,122.7925061,51.43071963,8.928602877,479.38,356.5874939,60.18000732,62.61249878,149.5858974,3dm_32_495_5697_1_nw.laz,2021-02,false,false,,,,,false,false,,,,,,,,,,,,,,false,,,,,
"9461",3.4.405,"798",489012.2175,5691198.368,122.2225037,51.37193408,8.842145241,556,433.7774963,60.26001221,61.96249146,161.8609023,3dm_32_489_5691_1_nw.laz,2021-03,false,false,,,,,false,false,,,,,,,,,,,,,,false,,,,,
"9466",3.4.410,"540",515880.32,5702208.43,120.9200098,51.47081706,9.228635201,392.41,271.4899902,60.14,60.78000977,1329.761111,3dm_32_515_5702_1_nw.laz,2023-03,false,false,,,,,false,false,,,,,,,,,,,,,,false,,,,,
"9469",3.4.413,"1898",494234.6833,5699838.967,120.1024829,51.44969034,8.917040265,467.87,347.7675171,60.05250977,60.04997314,158.1954689,3dm_32_494_5699_1_nw.laz,2021-02,false,false,,,,,false,false,,,,,,,,,,,,,,false,,,,,
"9470",3.4.414,"911",490820.12,5691364.367,119.8800012,51.37346146,8.868117242,537.91,418.0299988,60.34998779,59.53001343,158.9923161,3dm_32_490_5691_1_nw.laz,2021-03,false,false,,,,,false,false,,,,,,,,,,,,,,false,,,,,
"9472",3.4.416,"959",494530.57,5700942.44,119.3049805,51.45962857,8.921273765,475.95,356.6450195,60.25999634,59.04498413,162.9405631,3dm_32_494_5700_1_nw.laz,2021-02,false,false,,,,,false,false,,,,,,,,,,,,,,false,,,,,
"9474",3.4.418,"1166",494648.5438,5700617.349,119.0825,51.45670397,8.9230012,481.02,361.9375,60.04248047,59.04001953,156.186964,3dm_32_494_5700_1_nw.laz,2021-02,false,false,,,,,false,false,,,,,,,,,,,,,,false,,,,,
"9486",3.4.430,"800",490004.51,5691160.933,115.2750012,51.37161549,8.856400827,545.93,430.6549988,60.48998657,54.78501465,155.37375,3dm_32_490_5691_1_nw.laz,2021-03,false,false,,,,,false,false,,,,,,,,,,,,,,false,,,,,
"9490",3.4.434,"1295",491508.49,5690152.29,114.2700171,51.36256938,8.878032862,533.69,419.4199829,60.08250732,54.18750977,192.9374517,3dm_32_491_5690_1_nw.laz,2021-03,false,false,,,,,false,false,,,,,,,,,,,,,,false,,,,,
"9496",3.4.440,"2014",494051.1111,5700119.107,112.8449939,51.45222385,8.914387486,475.07,362.2250061,60.18998901,52.65500488,171.8599801,3dm_32_494_5700_1_nw.laz,2021-02,false,false,,,,,false,false,,,,,,,,,,,,,,false,,,,,
"9506",3.4.450,"1825",494316.88,5700364.29,110.0350073,51.4544293,8.918207233,472.59,362.5549927,60.07000366,49.96500366,161.6558904,3dm_32_494_5700_1_nw.laz,2021-02,false,false,,,,,false,false,,,,,,,,,,,,,,false,,,,,
"9512",3.4.456,"30",531999.193,5720005.472,108.05,51.63013259,9.462306512,108.05,0,107.77,0.28,1058.333333,3dm_32_531_5720_1_nw.laz,2023-03,false,false,,,,,false,false,,,,,,,,,,,,,,false,,,,,
"9527",3.4.471,"5368",487873.9993,5696790.877,101.4500037,51.42216693,8.825643528,418.54,317.0899963,60.00249878,41.44750488,66.4673994,3dm_32_487_5696_1_nw.laz,2021-02,false,false,,,,,true,false,,,,,,,,true,false,2024/02/08 00:00:00,,missing,,true,electricity cable,,false,https://dme-3.github.io/Obstacles-Map/embeds/3.4.471-2D.html,https://dme-3.github.io/Obstacles-Map/embeds/3.4.471-3D.html
"9531",3.4.475,"1120",489897.47,5690944.05,100.3924951,51.36966244,8.854870674,537.71,437.3175049,60.41751099,39.97498413,197.9669643,3dm_32_489_5690_1_nw.laz,2021-03,false,false,,,,,false,false,,,,,,,,,,,,,,false,,,,,
